"id","icf_master_id"
1,"10041591L"
2,"10044056A"
3,"10054956K"
4,"10072199B"
5,"10099607C"
6,"10108768L"
7,"10139471C"
8,"10147467F"
9,"10181174G"
10,"10184270B"
11,"10187456C"
12,"10193035F"
13,"10252944J"
14,"10270241E"
15,"10273410H"
16,"10284332J"
17,"10317810B"
18,"10336460B"
19,"10356777A"
20,"10402924H"
21,"10408650H"
22,"10413720H"
23,"10437805C"
24,"10449433F"
25,"10458879A"
26,"10461317E"
27,"10468433G"
28,"10473576E"
29,"10505149B"
30,"10511153G"
31,"10523514L"
32,"10538265C"
33,"10549060L"
34,"10551828A"
35,"10566418L"
36,"10581635B"
37,"10602442J"
38,"10617330J"
39,"10629743C"
40,"10679492C"
41,"10692049G"
42,"10699357F"
43,"10721152J"
44,"10731709F"
45,"10763406G"
46,"10809270E"
47,"10823463L"
48,"10832370C"
49,"10842775A"
50,"10860984A"
51,"10949494F"
52,"10972421H"
53,"11004213H"
54,"11019160G"
55,"11046145K"
56,"11077602A"
57,"11125121F"
58,"11125399G"
59,"11141864H"
60,"11144133K"
61,"11166464L"
62,"11177520K"
63,"11182350E"
64,"11186756L"
65,"11215927H"
66,"11252870A"
67,"11309282F"
68,"11314967A"
69,"11323697K"
70,"11324444L"
71,"11345327C"
72,"11380358L"
73,"11407304H"
74,"11408979J"
75,"11412996B"
76,"11420296L"
77,"11449483C"
78,"11464767H"
79,"11480103A"
80,"11483919H"
81,"11493154F"
82,"11503550F"
83,"11515733A"
84,"11521551G"
85,"11524521E"
86,"11539375F"
87,"11547746E"
88,"11588279L"
89,"11676176J"
90,"11680554C"
91,"11700987B"
92,"11715663A"
93,"11741882K"
94,"11742719F"
95,"11780820G"
96,"11790698J"
97,"11820487L"
98,"11834527G"
99,"11855055C"
100,"11874810C"
101,"11877637K"
102,"11889841K"
103,"11918802A"
104,"11926114B"
105,"11939313C"
106,"11948757C"
107,"11979196J"
108,"12017691B"
109,"12021662C"
110,"12023087E"
111,"12028448L"
112,"12058031H"
113,"12066599K"
114,"12110228G"
115,"12111855F"
116,"12132881A"
117,"12145616F"
118,"12176683K"
119,"12217345L"
120,"12220585B"
121,"12240350B"
122,"12252582L"
123,"12270253C"
124,"12274735B"
125,"12307301B"
126,"12313893A"
127,"12419733H"
128,"12438764B"
129,"12485327C"
130,"12492941A"
131,"12527254K"
132,"12532925G"
133,"12538391H"
134,"12541788C"
135,"12575246H"
136,"12584310A"
137,"12585148A"
138,"12608481H"
139,"12638815H"
140,"12669934A"
141,"12692544B"
142,"12694130C"
143,"12715942E"
144,"12781010C"
145,"12784165A"
146,"12785386K"
147,"12804738G"
148,"12813653L"
149,"12830856B"
150,"12874594H"
151,"12904944J"
152,"12905860E"
153,"12912004L"
154,"12913913J"
155,"12924930C"
156,"12946595E"
157,"12956306C"
158,"12962535E"
159,"12967393H"
160,"12967983E"
161,"12978802G"
162,"12991212B"
163,"13031717B"
164,"13053232G"
165,"13112505K"
166,"13129024C"
167,"13136597E"
168,"13138083G"
169,"13161930C"
170,"13172343F"
171,"13209152B"
172,"13215637C"
173,"13228349F"
174,"13272298F"
175,"13294337K"
176,"13295490B"
177,"13303757B"
178,"13304056K"
179,"13316096L"
180,"13326064L"
181,"13341216J"
182,"13370855F"
183,"13381485L"
184,"13383683J"
185,"13395120F"
186,"13474924A"
187,"13485276K"
188,"13550417A"
189,"13559681H"
190,"13569674G"
191,"13591324A"
192,"13619531E"
193,"13626143K"
194,"13672629A"
195,"13678068L"
196,"13687700A"
197,"13702329E"
198,"13707195J"
199,"13759255L"
200,"13764967J"
201,"13770273F"
202,"13780618A"
203,"13840650G"
204,"13868936F"
205,"13930566E"
206,"13944125G"
207,"13959301L"
208,"13961479F"
209,"13966663C"
210,"13970767C"
211,"13992502J"
212,"13999274H"
213,"14046628J"
214,"14048394E"
215,"14050861B"
216,"14053655J"
217,"14060873B"
218,"14063614E"
219,"14063796F"
220,"14089257H"
221,"14098247E"
222,"14135928E"
223,"14148365F"
224,"14169948A"
225,"14195763A"
226,"14205102J"
227,"14229864F"
228,"14271171A"
229,"14302750A"
230,"14324816L"
231,"14347027A"
232,"14365236A"
233,"14366101K"
234,"14414833H"
235,"14422520F"
236,"14429785A"
237,"14433329E"
238,"14561345L"
239,"14605500E"
240,"14700760J"
241,"14700901H"
242,"14704058E"
243,"14716990B"
244,"14732256A"
245,"14755632E"
246,"14763858F"
247,"14781928A"
248,"14819916B"
249,"14839146F"
250,"14870389A"
251,"14921831E"
252,"14929477J"
253,"14942813C"
254,"14945954B"
255,"14979836J"
256,"15006764J"
257,"15021869A"
258,"15022811F"
259,"15085169B"
260,"15106383B"
261,"15120258C"
262,"15140403F"
263,"15156422A"
264,"15172724G"
265,"15180920C"
266,"15202814J"
267,"15218594B"
268,"15220842A"
269,"15253788J"
270,"15270110G"
271,"15271151L"
272,"15277323A"
273,"15278505E"
274,"15283021C"
275,"15289717F"
276,"15291302L"
277,"15324756B"
278,"15369744B"
279,"15389288A"
280,"15392528B"
281,"15397125B"
282,"15416665F"
283,"15431410G"
284,"15473417A"
285,"15483318B"
286,"15509851F"
287,"15512216E"
288,"15556624A"
289,"15567824K"
290,"15580424G"
291,"15581133G"
292,"15598823L"
293,"15608833C"
294,"15642695C"
295,"15664441J"
296,"15683087K"
297,"15684964L"
298,"15688552C"
299,"15701400F"
300,"15702583B"
301,"15707634E"
302,"15708085A"
303,"15709928B"
304,"15727918C"
305,"15757219E"
306,"15758613F"
307,"15763560E"
308,"15772784B"
309,"15781622K"
310,"15810005H"
311,"15846830E"
312,"15851196C"
313,"15856647A"
314,"15875245L"
315,"15897222H"
316,"15898641H"
317,"15982818K"
318,"16002904F"
319,"16010456B"
320,"16014959J"
321,"16016062K"
322,"16023518F"
323,"16036666K"
324,"16047127K"
325,"16050510C"
326,"16054792F"
327,"16091837G"
328,"16109047A"
329,"16112891G"
330,"16113542L"
331,"16126852L"
332,"16141361J"
333,"16145159K"
334,"16180348L"
335,"16231133H"
336,"16250895K"
337,"16295258K"
338,"16298485J"
339,"16336299L"
340,"16342283L"
341,"16361614A"
342,"16371855H"
343,"16414920G"
344,"16432214G"
345,"16478218E"
346,"16479416K"
347,"16496565F"
348,"16519540J"
349,"16532179C"
350,"16555677F"
351,"16563625F"
352,"16564437C"
353,"16575695H"
354,"16592712G"
355,"16606201K"
356,"16612983K"
357,"16632807L"
358,"16633127E"
359,"16638306L"
360,"16655682G"
361,"16658846H"
362,"16678592H"
363,"16679780F"
364,"16685163A"
365,"16703411E"
366,"16719165K"
367,"16726655F"
368,"16732339A"
369,"16737191G"
370,"16745295J"
371,"16763132G"
372,"16769336E"
373,"16772493B"
374,"16789030C"
375,"16796808G"
376,"16812579B"
377,"16866054F"
378,"16876421J"
379,"16884632H"
380,"16910185E"
381,"16926068F"
382,"16935634L"
383,"16963632K"
384,"16969180A"
385,"16973521H"
386,"16984325A"
387,"16989194E"
388,"16990381G"
389,"16991366L"
390,"17013673H"
391,"17029893E"
392,"17037722E"
393,"17062322E"
394,"17087107G"
395,"17116566J"
396,"17133270F"
397,"17185076G"
398,"17217146L"
399,"17222784J"
400,"17226941A"
401,"17235495H"
402,"17243735C"
403,"17245382K"
404,"17269208J"
405,"17273319G"
406,"17273958F"
407,"17319468B"
408,"17331695B"
409,"17359641C"
410,"17376497C"
411,"17380768A"
412,"17382348H"
413,"17435647E"
414,"17436741J"
415,"17470311A"
416,"17476980K"
417,"17478092H"
418,"17487605A"
419,"17492459B"
420,"17497277H"
421,"17503990H"
422,"17529974H"
423,"17538058J"
424,"17597716G"
425,"17600036B"
426,"17604681J"
427,"17613603B"
428,"17613894G"
429,"17654620J"
430,"17659372H"
431,"17696962C"
432,"17724927E"
433,"17742948K"
434,"17752092B"
435,"17777906A"
436,"17842197J"
437,"17842707K"
438,"17871149H"
439,"17871957L"
440,"17885816K"
441,"17893437A"
442,"17902164K"
443,"17912914C"
444,"17913316J"
445,"17914273F"
446,"17931738B"
447,"17931809C"
448,"17987065E"
449,"18013411E"
450,"18019586F"
451,"18035737C"
452,"18129282B"
453,"18161762H"
454,"18164366B"
455,"18176359H"
456,"18184642H"
457,"18215115C"
458,"18259268G"
459,"18259490A"
460,"18261425L"
461,"18268591H"
462,"18378505B"
463,"18379067J"
464,"18386755G"
465,"18389048E"
466,"18393061G"
467,"18424686B"
468,"18445246F"
469,"18448321E"
470,"18492412G"
471,"18552876H"
472,"18588590F"
473,"18602714E"
474,"18659416K"
475,"18667762L"
476,"18670738C"
477,"18700094L"
478,"18704762J"
479,"18705376E"
480,"18724330K"
481,"18762051A"
482,"18766768E"
483,"18812955J"
484,"18839053G"
485,"18843549A"
486,"18861433F"
487,"18864950E"
488,"18885373L"
489,"18886759C"
490,"18894752C"
491,"18908227L"
492,"18986900J"
493,"19031097C"
494,"19033292B"
495,"19035322J"
496,"19059639K"
497,"19064529F"
498,"19093853C"
499,"19125162L"
500,"19125851C"
501,"19135631J"
502,"19137615B"
503,"19161802H"
504,"19220221B"
505,"19230662G"
506,"19239340G"
507,"19256163G"
508,"19275944J"
509,"19277659K"
510,"19299479F"
511,"19303165H"
512,"19304549E"
513,"19331352E"
514,"19354569C"
515,"19364770J"
516,"19365104L"
517,"19373932J"
518,"19377894K"
519,"19381721A"
520,"19397749E"
521,"19402474E"
522,"19420398K"
523,"19433753J"
524,"19447310E"
525,"19453109A"
526,"19471670G"
527,"19473759E"
528,"19480183A"
529,"19517159K"
530,"19539555C"
531,"19542143L"
532,"19570080F"
533,"19579486G"
534,"19600292G"
535,"19606533B"
536,"19608926G"
537,"19609040E"
538,"19633272B"
539,"19656864J"
540,"19656911C"
541,"19675144B"
542,"19705620A"
543,"19707403E"
544,"19726174L"
545,"19740781J"
546,"19742153F"
547,"19746504A"
548,"19781838E"
549,"19814734B"
550,"19828903F"
551,"19858357K"
552,"19878019E"
553,"19888719E"
554,"19896405K"
555,"19901224C"
556,"19927742J"
557,"19946959F"
558,"19954531B"
559,"19964418H"
560,"19965881E"
561,"20017349F"
562,"20027434K"
563,"20038136J"
564,"20044122E"
565,"20050561L"
566,"20058950L"
567,"20081155C"
568,"20088316H"
569,"20153037L"
570,"20185520E"
571,"20192483E"
572,"20193403A"
573,"20194266H"
574,"20234586F"
575,"20285851E"
576,"20308593C"
577,"20398796C"
578,"20399359A"
579,"20399883K"
580,"20405722K"
581,"20410495B"
582,"20454978B"
583,"20484708G"
584,"20514017H"
585,"20518015C"
586,"20555295G"
587,"20590260C"
588,"20617693C"
589,"20644816G"
590,"20654302K"
591,"20656053G"
592,"20666527K"
593,"20666784L"
594,"20679911G"
595,"20706878A"
596,"20723810L"
597,"20724172J"
598,"20727744G"
599,"20754986L"
600,"20770502J"
601,"20774871C"
602,"20781090L"
603,"20789993E"
604,"20791810C"
605,"20793000L"
606,"20794573G"
607,"20796473C"
608,"20801297B"
609,"20813104E"
610,"20828717G"
611,"20830993A"
612,"20839490E"
613,"20847426E"
614,"20848979G"
615,"20867335C"
616,"20925277C"
617,"20928853L"
618,"20944468J"
619,"20948908C"
620,"20984530L"
621,"20992220H"
622,"21043209L"
623,"21049600H"
624,"21058736K"
625,"21069367H"
626,"21119787A"
627,"21151223G"
628,"21175005G"
629,"21177016B"
630,"21235307L"
631,"21239808L"
632,"21283539E"
633,"21324685G"
634,"21336198L"
635,"21366791E"
636,"21370589B"
637,"21385140C"
638,"21402392G"
639,"21418669J"
640,"21435250C"
641,"21452239A"
642,"21476085B"
643,"21480792B"
644,"21481792F"
645,"21501163G"
646,"21544106L"
647,"21571673H"
648,"21581837G"
649,"21624307G"
650,"21628318J"
651,"21648645A"
652,"21669822C"
653,"21700089E"
654,"21712314L"
655,"21720198A"
656,"21728154F"
657,"21737038J"
658,"21749293G"
659,"21750623C"
660,"21757361K"
661,"21795667G"
662,"21806386K"
663,"21837216F"
664,"21886341B"
665,"21903349L"
666,"21926900B"
667,"21933773L"
668,"21934649A"
669,"21964049J"
670,"21967126C"
671,"21974975F"
672,"21988685E"
673,"22010550J"
674,"22013303C"
675,"22018205F"
676,"22032512G"
677,"22057558A"
678,"22057570A"
679,"22058048B"
680,"22058296K"
681,"22079530C"
682,"22117071L"
683,"22174491C"
684,"22182347J"
685,"22195196J"
686,"22211750H"
687,"22226445L"
688,"22254397H"
689,"22302473J"
690,"22308559K"
691,"22312859F"
692,"22317201H"
693,"22341246C"
694,"22343945K"
695,"22345051K"
696,"22358865G"
697,"22386193C"
698,"22435029E"
699,"22440649E"
700,"22454911F"
701,"22472311K"
702,"22495284A"
703,"22501735J"
704,"22513845H"
705,"22515369E"
706,"22541121C"
707,"22569304E"
708,"22577514L"
709,"22580968K"
710,"22600027L"
711,"22608880H"
712,"22613088A"
713,"22656125G"
714,"22689881K"
715,"22709741F"
716,"22722938L"
717,"22762784C"
718,"22769158A"
719,"22800978H"
720,"22810886G"
721,"22857992K"
722,"22860718K"
723,"22885802B"
724,"22925891K"
725,"22926119H"
726,"22933317H"
727,"22966013J"
728,"22978457H"
729,"22998393J"
730,"23025162L"
731,"23039567L"
732,"23052770H"
733,"23080502A"
734,"23126399B"
735,"23146659F"
736,"23188156F"
737,"23218933E"
738,"23220834A"
739,"23226314L"
740,"23227560E"
741,"23232535L"
742,"23288460L"
743,"23339538K"
744,"23353029G"
745,"23371401B"
746,"23380243B"
747,"23383612C"
748,"23434082F"
749,"23448645K"
750,"23459149G"
751,"23490608A"
752,"23564798C"
753,"23585391C"
754,"23619866E"
755,"23621634B"
756,"23645724L"
757,"23648324C"
758,"23656980J"
759,"23669224A"
760,"23671123B"
761,"23681102B"
762,"23697577H"
763,"23699977K"
764,"23721959H"
765,"23742534K"
766,"23744969H"
767,"23755810G"
768,"23821443G"
769,"23822132B"
770,"23822686E"
771,"23881186J"
772,"23912586H"
773,"23927179F"
774,"23942445J"
775,"23988466A"
776,"24010690A"
777,"24016514G"
778,"24025189J"
779,"24031536F"
780,"24067964F"
781,"24117951C"
782,"24150100L"
783,"24151847F"
784,"24178052L"
785,"24179545L"
786,"24195460B"
787,"24243761L"
788,"24253197B"
789,"24255451K"
790,"24310363K"
791,"24344959H"
792,"24347564B"
793,"24353497J"
794,"24369506G"
795,"24390400C"
796,"24424956C"
797,"24456619E"
798,"24463563L"
799,"24467442G"
800,"24488133B"
801,"24513551A"
802,"24536972H"
803,"24599434A"
804,"24614235E"
805,"24624701C"
806,"24629256C"
807,"24633838J"
808,"24648108G"
809,"24665240E"
810,"24669757K"
811,"24669954J"
812,"24674038H"
813,"24676827F"
814,"24682731L"
815,"24700529G"
816,"24713188F"
817,"24729652G"
818,"24772783C"
819,"24779704A"
820,"24800858L"
821,"24818427A"
822,"24837625E"
823,"24883335H"
824,"24890462G"
825,"24902889K"
826,"24939353H"
827,"24942846L"
828,"24960668L"
829,"24974187F"
830,"24993611E"
831,"25020631B"
832,"25022268E"
833,"25030993E"
834,"25048004E"
835,"25110305J"
836,"25118704F"
837,"25123654C"
838,"25130462E"
839,"25143348F"
840,"25146017C"
841,"25209844H"
842,"25254248F"
843,"25277727G"
844,"25285294B"
845,"25313143K"
846,"25327136L"
847,"25335189F"
848,"25352880G"
849,"25372142F"
850,"25378961G"
851,"25474991E"
852,"25524341K"
853,"25537572H"
854,"25542469E"
855,"25546263L"
856,"25613756G"
857,"25627641E"
858,"25632205E"
859,"25668717A"
860,"25725918E"
861,"25730018F"
862,"25743133K"
863,"25745663A"
864,"25770684E"
865,"25785000E"
866,"25847759G"
867,"25857964C"
868,"25897204G"
869,"25899162K"
870,"25908597E"
871,"25919642C"
872,"25940842F"
873,"25955639C"
874,"25961455B"
875,"25976443A"
876,"25978449F"
877,"26003187J"
878,"26006481G"
879,"26024578H"
880,"26032429H"
881,"26032636C"
882,"26045794E"
883,"26050034A"
884,"26050970J"
885,"26112759L"
886,"26121278L"
887,"26182693L"
888,"26198227B"
889,"26207733F"
890,"26208706G"
891,"26241100A"
892,"26251743K"
893,"26257270E"
894,"26258863C"
895,"26260503H"
896,"26263807F"
897,"26276950E"
898,"26294582C"
899,"26320275G"
900,"26323616B"
901,"26351196J"
902,"26351490H"
903,"26354968E"
904,"26355905G"
905,"26361360E"
906,"26397293E"
907,"26398854G"
908,"26400036J"
909,"26407637G"
910,"26413343K"
911,"26417354A"
912,"26475815H"
913,"26497746B"
914,"26502909B"
915,"26524794B"
916,"26566471G"
917,"26576296E"
918,"26724780A"
919,"26751734L"
920,"26754159E"
921,"26780153F"
922,"26788352E"
923,"26788597F"
924,"26795977F"
925,"26808531J"
926,"26815302L"
927,"26848939G"
928,"26854126C"
929,"26860435K"
930,"26868311J"
931,"26917771H"
932,"26930709F"
933,"26996760L"
934,"27000674A"
935,"27007416J"
936,"27024366K"
937,"27040749B"
938,"27073862E"
939,"27076961K"
940,"27102327C"
941,"27109758E"
942,"27151211A"
943,"27153635K"
944,"27164066K"
945,"27191452J"
946,"27224668L"
947,"27231781L"
948,"27246115A"
949,"27263913B"
950,"27265471K"
951,"27265762B"
952,"27289744L"
953,"27316009F"
954,"27318986K"
955,"27320208K"
956,"27334140C"
957,"27346033K"
958,"27382911G"
959,"27437314L"
960,"27454403E"
961,"27462943J"
962,"27466706C"
963,"27483068C"
964,"27502133G"
965,"27509033J"
966,"27542536K"
967,"27559911E"
968,"27583362A"
969,"27603250B"
970,"27611318J"
971,"27614002F"
972,"27679333C"
973,"27700373E"
974,"27701123E"
975,"27709662J"
976,"27712448L"
977,"27729343E"
978,"27737445L"
979,"27751165C"
980,"27762623E"
981,"27776175K"
982,"27777949F"
983,"27787201H"
984,"27796510B"
985,"27799739L"
986,"27812530H"
987,"27825575G"
988,"27840641A"
989,"27864465F"
990,"27870282H"
991,"27881415F"
992,"27884416H"
993,"27892073F"
994,"27909713C"
995,"27913172H"
996,"27937319L"
997,"27951937J"
998,"27965423C"
999,"27992451L"
1000,"28049832C"
1001,"28077631H"
1002,"28088634G"
1003,"28097955E"
1004,"28123980J"
1005,"28140837L"
1006,"28145791L"
1007,"28149752H"
1008,"28153463K"
1009,"28163578H"
1010,"28204979G"
1011,"28220737G"
1012,"28236335K"
1013,"28293773L"
1014,"28327881B"
1015,"28342302C"
1016,"28384555K"
1017,"28411564E"
1018,"28414364F"
1019,"28454631L"
1020,"28482389H"
1021,"28495830G"
1022,"28523290J"
1023,"28531106F"
1024,"28531220L"
1025,"28546805H"
1026,"28552268K"
1027,"28572963A"
1028,"28596981F"
1029,"28597593F"
1030,"28603113H"
1031,"28606281J"
1032,"28624678G"
1033,"28633005J"
1034,"28641977F"
1035,"28653606K"
1036,"28663715K"
1037,"28667232A"
1038,"28670036A"
1039,"28697445G"
1040,"28700852F"
1041,"28738791G"
1042,"28749418E"
1043,"28763102J"
1044,"28771036C"
1045,"28798337J"
1046,"28803119C"
1047,"28807027H"
1048,"28808500L"
1049,"28839970K"
1050,"28841495G"
1051,"28884275A"
1052,"28926410F"
1053,"28933065H"
1054,"28940441F"
1055,"28992393J"
1056,"29013030K"
1057,"29019209A"
1058,"29024922K"
1059,"29028861H"
1060,"29029004F"
1061,"29059190G"
1062,"29082225A"
1063,"29105345G"
1064,"29113571E"
1065,"29122131E"
1066,"29125410C"
1067,"29129890H"
1068,"29134070C"
1069,"29160061J"
1070,"29167543G"
1071,"29172681K"
1072,"29174018C"
1073,"29183465K"
1074,"29184444F"
1075,"29203750H"
1076,"29210310A"
1077,"29228667F"
1078,"29250353G"
1079,"29262019B"
1080,"29274078E"
1081,"29277379C"
1082,"29281990C"
1083,"29303194B"
1084,"29324204F"
1085,"29334040L"
1086,"29348420A"
1087,"29353907F"
1088,"29354259G"
1089,"29372129E"
1090,"29377042C"
1091,"29391552A"
1092,"29397252B"
1093,"29403675F"
1094,"29418267L"
1095,"29434941C"
1096,"29467716K"
1097,"29491923J"
1098,"29542542L"
1099,"29543852H"
1100,"29579679C"
1101,"29581224L"
1102,"29602026E"
1103,"29649383C"
1104,"29667446A"
1105,"29676600H"
1106,"29679603F"
1107,"29686945E"
1108,"29694001E"
1109,"29735667J"
1110,"29794557A"
1111,"29807388B"
1112,"29830614J"
1113,"29849599E"
1114,"29857175C"
1115,"29866275G"
1116,"29875398B"
1117,"29902920E"
1118,"29905349L"
1119,"29908130H"
1120,"29924437H"
1121,"29927975C"
1122,"29931969H"
1123,"29932300H"
1124,"29999542B"
1125,"30004368H"
1126,"30023067J"
1127,"30034519E"
1128,"30042194L"
1129,"30057068E"
1130,"30060995C"
1131,"30069642K"
1132,"30090693A"
1133,"30117321C"
1134,"30117834E"
1135,"30165369E"
1136,"30171644H"
1137,"30213950B"
1138,"30245319E"
1139,"30256500J"
1140,"30269174K"
1141,"30272271F"
1142,"30275887C"
1143,"30280857E"
1144,"30284641C"
1145,"30285472B"
1146,"30349038K"
1147,"30407379B"
1148,"30412420A"
1149,"30431389B"
1150,"30451171H"
1151,"30490127F"
1152,"30495828G"
1153,"30508725C"
1154,"30516810A"
1155,"30533102B"
1156,"30548762L"
1157,"30561688G"
1158,"30563466E"
1159,"30570131K"
1160,"30573634B"
1161,"30618954F"
1162,"30633775C"
1163,"30638466H"
1164,"30672821L"
1165,"30686601H"
1166,"30695142H"
1167,"30742882C"
1168,"30770543G"
1169,"30833794B"
1170,"30851187J"
1171,"30911135J"
1172,"30934466B"
1173,"30937727C"
1174,"30948592K"
1175,"30965629F"
1176,"30972694H"
1177,"30981509E"
1178,"30988017A"
1179,"30996273L"
1180,"30998119C"
1181,"31015268A"
1182,"31059092G"
1183,"31059225E"
1184,"31086257C"
1185,"31106638A"
1186,"31117318L"
1187,"31121368E"
1188,"31127159L"
1189,"31158670G"
1190,"31159548C"
1191,"31176566G"
1192,"31215785K"
1193,"31216908C"
1194,"31238613J"
1195,"31265541G"
1196,"31273181K"
1197,"31294002E"
1198,"31307284K"
1199,"31321126L"
1200,"31322623K"
1201,"31345068A"
1202,"31350914H"
1203,"31386585B"
1204,"31400965K"
1205,"31412597C"
1206,"31454432A"
1207,"31463035J"
1208,"31505135L"
1209,"31533044L"
1210,"31541129A"
1211,"31584259J"
1212,"31594963H"
1213,"31616904H"
1214,"31623928A"
1215,"31632258C"
1216,"31633622C"
1217,"31661668E"
1218,"31684191B"
1219,"31728706H"
1220,"31740974J"
1221,"31808106J"
1222,"31830524K"
1223,"31839238J"
1224,"31841477E"
1225,"31848781A"
1226,"31874994E"
1227,"31897144L"
1228,"31903157L"
1229,"31926895J"
1230,"31928724C"
1231,"31934245L"
1232,"31942278A"
1233,"31971819E"
1234,"31996327K"
1235,"32026519K"
1236,"32034862A"
1237,"32050847E"
1238,"32059306F"
1239,"32130617L"
1240,"32136192E"
1241,"32178888B"
1242,"32190378L"
1243,"32231608J"
1244,"32254653A"
1245,"32267192H"
1246,"32267761H"
1247,"32274068C"
1248,"32293732J"
1249,"32300538F"
1250,"32326859A"
1251,"32328509F"
1252,"32329795H"
1253,"32347025C"
1254,"32360694G"
1255,"32393407E"
1256,"32417125L"
1257,"32449911L"
1258,"32450145A"
1259,"32472104L"
1260,"32479170J"
1261,"32526541A"
1262,"32527312J"
1263,"32549061C"
1264,"32551955B"
1265,"32572334J"
1266,"32577726J"
1267,"32648979A"
1268,"32660995C"
1269,"32669279F"
1270,"32674229B"
1271,"32675866J"
1272,"32716243A"
1273,"32774447H"
1274,"32787590G"
1275,"32797304E"
1276,"32822833B"
1277,"32824186K"
1278,"32831247A"
1279,"32833911A"
1280,"32837625F"
1281,"32859558G"
1282,"32913697C"
1283,"32966184G"
1284,"32972667A"
1285,"33013450J"
1286,"33025592E"
1287,"33031216J"
1288,"33032935F"
1289,"33064053K"
1290,"33070830C"
1291,"33109343A"
1292,"33128986C"
1293,"33170027E"
1294,"33173021F"
1295,"33179591H"
1296,"33210731C"
1297,"33239001L"
1298,"33263924H"
1299,"33266451C"
1300,"33292382H"
1301,"33298021C"
1302,"33310364G"
1303,"33356774F"
1304,"33361944E"
1305,"33366694H"
1306,"33375836C"
1307,"33468312C"
1308,"33484775B"
1309,"33486424C"
1310,"33541636L"
1311,"33558234G"
1312,"33590218J"
1313,"33608791J"
1314,"33626416J"
1315,"33636238H"
1316,"33639254J"
1317,"33652492A"
1318,"33653073H"
1319,"33678992J"
1320,"33713814A"
1321,"33721615H"
1322,"33733017B"
1323,"33733555K"
1324,"33771660B"
1325,"33823603K"
1326,"33863482B"
1327,"33899934H"
1328,"33902475J"
1329,"33910973J"
1330,"33914328G"
1331,"33916925H"
1332,"33927200F"
1333,"33948737K"
1334,"33974082F"
1335,"33976716H"
1336,"34005385H"
1337,"34007550F"
1338,"34009289B"
1339,"34018457H"
1340,"34021146G"
1341,"34039868L"
1342,"34043721A"
1343,"34071589E"
1344,"34075104K"
1345,"34090967A"
1346,"34099617G"
1347,"34100688H"
1348,"34103119F"
1349,"34106163A"
1350,"34109860E"
1351,"34115537B"
1352,"34134770J"
1353,"34155846A"
1354,"34161831E"
1355,"34164013C"
1356,"34181687C"
1357,"34186259H"
1358,"34213583J"
1359,"34223670J"
1360,"34245665G"
1361,"34246988K"
1362,"34267584J"
1363,"34280329G"
1364,"34301391H"
1365,"34335207G"
1366,"34357810G"
1367,"34387297L"
1368,"34409566B"
1369,"34413250K"
1370,"34415537K"
1371,"34434145F"
1372,"34437186F"
1373,"34449956K"
1374,"34454515E"
1375,"34454904L"
1376,"34455048B"
1377,"34603167K"
1378,"34609006C"
1379,"34633469C"
1380,"34639449H"
1381,"34652552F"
1382,"34683558H"
1383,"34695102A"
1384,"34720974C"
1385,"34727620L"
1386,"34754675B"
1387,"34763995H"
1388,"34781920A"
1389,"34782954H"
1390,"34789032H"
1391,"34799308J"
1392,"34816068H"
1393,"34818597G"
1394,"34862790L"
1395,"34868582K"
1396,"34873428J"
1397,"34878341H"
1398,"34883520L"
1399,"34906045G"
1400,"34918341E"
1401,"34937421L"
1402,"34956947J"
1403,"34957207L"
1404,"34963937K"
1405,"34965141B"
1406,"34968487E"
1407,"34970156G"
1408,"35005935K"
1409,"35024577J"
1410,"35033491K"
1411,"35053194F"
1412,"35202093C"
1413,"35219903K"
1414,"35249149E"
1415,"35250965J"
1416,"35296439L"
1417,"35309155L"
1418,"35336323C"
1419,"35339295J"
1420,"35351416C"
1421,"35352006C"
1422,"35358163C"
1423,"35365862A"
1424,"35372907A"
1425,"35387983H"
1426,"35401543J"
1427,"35442422C"
1428,"35501260F"
1429,"35508291L"
1430,"35548350G"
1431,"35549015K"
1432,"35575998E"
1433,"35588300K"
1434,"35631127K"
1435,"35633906L"
1436,"35654074K"
1437,"35662616J"
1438,"35673373E"
1439,"35675392A"
1440,"35679576K"
1441,"35686449G"
1442,"35742232K"
1443,"35769158H"
1444,"35777049F"
1445,"35796277K"
1446,"35855922L"
1447,"35862646H"
1448,"35875451H"
1449,"35881664G"
1450,"35914923A"
1451,"35919525G"
1452,"35966470C"
1453,"35969977J"
1454,"35982297B"
1455,"35997958B"
1456,"36010222F"
1457,"36023424F"
1458,"36024908A"
1459,"36031418A"
1460,"36047862K"
1461,"36055055L"
1462,"36060543E"
1463,"36070944L"
1464,"36085399J"
1465,"36111106G"
1466,"36112159C"
1468,"36131899F"
1469,"36153510F"
1470,"36170373C"
1471,"36178262J"
1472,"36193154H"
1473,"36202333A"
1474,"36204970L"
1475,"36209954C"
1476,"36210691F"
1477,"36252142B"
1478,"36266417B"
1479,"36306377B"
1480,"36311791G"
1481,"36353333J"
1482,"36360150C"
1483,"36368599J"
1484,"36380222A"
1485,"36380380G"
1486,"36403507A"
1487,"36423444F"
1488,"36450049G"
1489,"36490849G"
1490,"36521298H"
1491,"36521556L"
1492,"36532886J"
1493,"36535032J"
1494,"36552251B"
1495,"36564155J"
1496,"36568500G"
1497,"36570796J"
1498,"36598989G"
1499,"36630215F"
1500,"36633557F"
1501,"36661402A"
1502,"36667963K"
1503,"36679846J"
1504,"36696199E"
1505,"36737192C"
1506,"36807013K"
1507,"36808429C"
1508,"36837895E"
1509,"36877845H"
1510,"36921259J"
1511,"36925608J"
1512,"36939277H"
1513,"36946416J"
1514,"36962159L"
1515,"36965241H"
1516,"36977488H"
1517,"36982873C"
1518,"36992832K"
1519,"37002366G"
1520,"37025795C"
1521,"37091324B"
1522,"37108992G"
1523,"37111152B"
1524,"37163509F"
1525,"37176729C"
1526,"37185635C"
1527,"37197398L"
1528,"37217517B"
1529,"37224601E"
1530,"37243734E"
1531,"37274205F"
1532,"37276740K"
1533,"37292353A"
1534,"37294760A"
1535,"37298256K"
1536,"37314116C"
1537,"37354247E"
1538,"37371145E"
1539,"37396918C"
1540,"37428413K"
1541,"37456057J"
1542,"37483547J"
1543,"37532324J"
1544,"37572415A"
1545,"37572662F"
1546,"37630802G"
1547,"37659568L"
1548,"37677381C"
1549,"37688501F"
1550,"37707525A"
1551,"37708003K"
1552,"37712849G"
1553,"37720261C"
1554,"37729844K"
1555,"37787148E"
1556,"37789102E"
1557,"37810919H"
1558,"37844393E"
1559,"37845129J"
1560,"37853114H"
1561,"37864886F"
1562,"37876317H"
1563,"37879515J"
1564,"37894000L"
1565,"37909942G"
1566,"37926041H"
1567,"37942840J"
1568,"37944157K"
1569,"38032636G"
1570,"38071029K"
1571,"38072288K"
1572,"38122674L"
1573,"38136529L"
1574,"38154404L"
1575,"38166952H"
1576,"38168617C"
1577,"38177615A"
1578,"38214555J"
1579,"38218381A"
1580,"38219244G"
1581,"38253879G"
1582,"38254322J"
1583,"38257964F"
1584,"38303606E"
1585,"38308966J"
1586,"38359737L"
1587,"38360534C"
1588,"38373436G"
1589,"38392988C"
1590,"38405874L"
1591,"38412723A"
1592,"38425137B"
1593,"38456729K"
1594,"38459834K"
1595,"38476488F"
1596,"38482839E"
1597,"38489102L"
1598,"38493511K"
1599,"38501115F"
1600,"38509932G"
1601,"38546984G"
1602,"38577605L"
1603,"38594271G"
1604,"38595456J"
1605,"38620813B"
1606,"38624300C"
1607,"38633771F"
1608,"38633917K"
1609,"38664486E"
1610,"38716151A"
1611,"38743534E"
1612,"38754190J"
1613,"38779769H"
1614,"38784457K"
1615,"38811888L"
1616,"38821981F"
1617,"38822515F"
1618,"38867260A"
1619,"38869007J"
1620,"38871843K"
1621,"38895863K"
1622,"38900548E"
1623,"38949833E"
1624,"38960283B"
1625,"38962664C"
1626,"38984450G"
1627,"38995704L"
1628,"39025525B"
1629,"39044500E"
1630,"39068682A"
1631,"39120547G"
1632,"39128566A"
1633,"39145974C"
1634,"39153722F"
1635,"39174729C"
1636,"39199452F"
1637,"39203280L"
1638,"39208477H"
1639,"39209804J"
1640,"39230700A"
1641,"39243771K"
1642,"39292492A"
1643,"39316893F"
1644,"39323661J"
1645,"39339294H"
1646,"39342187G"
1647,"39362699J"
1648,"39395706F"
1649,"39481135K"
1650,"39549142B"
1651,"39554799E"
1652,"39555168K"
1653,"39563720B"
1654,"39617496J"
1655,"39626377B"
1656,"39654530G"
1657,"39658829F"
1658,"39664924E"
1659,"39695549A"
1660,"39712547K"
1661,"39716867B"
1662,"39718053H"
1663,"39742251B"
1664,"39755388K"
1665,"39775211E"
1666,"39793331F"
1667,"39807154J"
1668,"39821311F"
1669,"39822955B"
1670,"39841066B"
1671,"39844941C"
1672,"39859425J"
1673,"39861676H"
1674,"39865668J"
1675,"39866368E"
1676,"39867703G"
1677,"39881255J"
1678,"39884027E"
1679,"39887214F"
1680,"39912117L"
1681,"39913546H"
1682,"39965669L"
1683,"39978461E"
1684,"39999037B"
1685,"40001811E"
1686,"40028966J"
1687,"40029404J"
1688,"40039230G"
1689,"40040002C"
1690,"40057018G"
1691,"40059351G"
1692,"40068485B"
1693,"40072807H"
1694,"40135219G"
1695,"40138004F"
1696,"40152456J"
1697,"40157625H"
1698,"40163511E"
1699,"40163732K"
1700,"40179645A"
1701,"40205004E"
1702,"40213287J"
1703,"40217226F"
1704,"40220001E"
1705,"40230077J"
1706,"40243896H"
1707,"40293505K"
1708,"40302786K"
1709,"40328910B"
1710,"40333694F"
1711,"40342476C"
1712,"40353678H"
1713,"40360125G"
1714,"40362607K"
1715,"40364564K"
1716,"40380547G"
1717,"40405594L"
1718,"40406065L"
1719,"40418523E"
1720,"40424856G"
1721,"40451103A"
1722,"40468284H"
1723,"40474033G"
1724,"40479936A"
1725,"40493143C"
1726,"40497595B"
1727,"40502904C"
1728,"40511987B"
1729,"40591211J"
1730,"40596283J"
1731,"40606952C"
1732,"40616661H"
1733,"40621816H"
1734,"40654080G"
1735,"40671037H"
1736,"40679366G"
1737,"40691803L"
1738,"40700183G"
1739,"40704806E"
1740,"40712454J"
1741,"40733787B"
1742,"40750148J"
1743,"40752191J"
1744,"40765913G"
1745,"40794432L"
1746,"40827514L"
1747,"40867342F"
1748,"40881873L"
1749,"40906668J"
1750,"40914380B"
1751,"40930883J"
1752,"40945871H"
1753,"40981424A"
1754,"41020077G"
1755,"41055924K"
1756,"41092033A"
1757,"41104108G"
1758,"41106601G"
1759,"41112037G"
1760,"41114556J"
1761,"41120266C"
1762,"41135682C"
1763,"41145186H"
1764,"41156146K"
1765,"41156444L"
1766,"41260681F"
1767,"41264700H"
1768,"41271747E"
1769,"41272968B"
1770,"41307127E"
1771,"41353569H"
1772,"41373565K"
1773,"41410823L"
1774,"41413398J"
1775,"41425192F"
1776,"41433025H"
1777,"41463896B"
1778,"41464117K"
1779,"41474177J"
1780,"41478120E"
1781,"41488952L"
1782,"41517619C"
1783,"41528437C"
1784,"41540313J"
1785,"41570851G"
1786,"41644368K"
1787,"41658743F"
1788,"41674548E"
1789,"41674767C"
1790,"41690348J"
1791,"41701866L"
1792,"41757709A"
1793,"41760247E"
1794,"41775157E"
1795,"41843286C"
1796,"41844373K"
1797,"41850543A"
1798,"41870639F"
1799,"41894772H"
1800,"41899112G"
1801,"41909545J"
1802,"41924026A"
1803,"41987261C"
1804,"42071940G"
1805,"42081350G"
1806,"42090864E"
1807,"42106176J"
1808,"42117039L"
1809,"42118767A"
1810,"42120328C"
1811,"42131585E"
1812,"42144671L"
1813,"42145082K"
1814,"42190239C"
1815,"42198190C"
1816,"42257493H"
1817,"42268945C"
1818,"42272660E"
1819,"42277274B"
1820,"42306786H"
1821,"42337932B"
1822,"42351543B"
1823,"42359155C"
1824,"42368139F"
1825,"42392200K"
1826,"42400523K"
1827,"42435933J"
1828,"42437912H"
1829,"42462478J"
1830,"42463068J"
1831,"42467646E"
1832,"42470752E"
1833,"42481379C"
1834,"42506877L"
1835,"42507670E"
1836,"42535644L"
1837,"42538126G"
1838,"42550517J"
1839,"42617609J"
1840,"42686119G"
1841,"42712956F"
1842,"42717688L"
1843,"42737873L"
1844,"42755710J"
1845,"42757279J"
1846,"42780880B"
1847,"42804248K"
1848,"42815077K"
1849,"42822527H"
1850,"42824018E"
1851,"42850904F"
1852,"42867067C"
1853,"42869592L"
1854,"42872945G"
1855,"42926558B"
1856,"42961692E"
1857,"42982381E"
1858,"42994717B"
1859,"43017841K"
1860,"43041503C"
1861,"43042009K"
1862,"43043489E"
1863,"43051461H"
1864,"43056328G"
1865,"43065378F"
1866,"43066357A"
1867,"43103129G"
1868,"43106622K"
1869,"43173183K"
1870,"43226152J"
1871,"43229931B"
1872,"43272782G"
1873,"43274185H"
1874,"43292689B"
1875,"43319347F"
1876,"43339168J"
1877,"43342045B"
1878,"43354108F"
1879,"43366221L"
1880,"43369717F"
1881,"43381581J"
1882,"43409945F"
1883,"43428617E"
1884,"43434180B"
1885,"43439651E"
1886,"43446848E"
1887,"43455400L"
1888,"43459839G"
1889,"43472303F"
1890,"43508507C"
1891,"43508830L"
1892,"43515081E"
1893,"43522357G"
1894,"43525549B"
1895,"43592159C"
1896,"43642321L"
1897,"43675320H"
1898,"43677570G"
1899,"43686252F"
1900,"43716777K"
1901,"43720388B"
1902,"43770090C"
1903,"43816896J"
1904,"43830223B"
1905,"43830808H"
1906,"43850662H"
1907,"43861524G"
1908,"43885928L"
1909,"43896801G"
1910,"43901831J"
1911,"43915032J"
1912,"44024393G"
1913,"44027112J"
1914,"44030281K"
1915,"44046340B"
1916,"44066345A"
1917,"44071474L"
1918,"44094893L"
1919,"44099584E"
1920,"44145106L"
1921,"44226853H"
1922,"44226886H"
1923,"44234661A"
1924,"44255940J"
1925,"44266218J"
1926,"44315495E"
1927,"44321935B"
1928,"44326469F"
1929,"44348106H"
1930,"44408111L"
1931,"44457060F"
1932,"44457279H"
1933,"44459822A"
1934,"44512682F"
1935,"44519568A"
1936,"44524289C"
1937,"44526041K"
1938,"44538631K"
1939,"44547517J"
1940,"44553821K"
1941,"44612528A"
1942,"44658394G"
1943,"44659983C"
1944,"44672948C"
1945,"44680199L"
1946,"44683249C"
1947,"44683813J"
1948,"44715482E"
1949,"44727502L"
1950,"44754632B"
1951,"44758176K"
1952,"44767732H"
1953,"44778310A"
1954,"44791214H"
1955,"44794747A"
1956,"44796294J"
1957,"44797744A"
1958,"44819408H"
1959,"44836133A"
1960,"44849385G"
1961,"44853250L"
1962,"44881893G"
1963,"44922721B"
1964,"44942035B"
1965,"44960212F"
1966,"44980944K"
1967,"44982224J"
1968,"44998822A"
1969,"45025275F"
1970,"45032725C"
1971,"45053341G"
1972,"45064525B"
1973,"45083846H"
1974,"45100558H"
1975,"45101051E"
1976,"45104748L"
1977,"45144035K"
1978,"45149225F"
1979,"45189127L"
1980,"45204222B"
1981,"45221655C"
1982,"45229389C"
1983,"45237232K"
1984,"45253468J"
1985,"45303696F"
1986,"45320863J"
1987,"45341879L"
1988,"45344145C"
1989,"45429320B"
1990,"45452381H"
1991,"45470448H"
1992,"45488854K"
1993,"45498074J"
1994,"45518624L"
1995,"45524656B"
1996,"45527783B"
1997,"45539871A"
1998,"45551008A"
1999,"45588793E"
2000,"45605393B"
2001,"45612247J"
2002,"45615970L"
2003,"45625007J"
2004,"45636829L"
2005,"45666807A"
2006,"45669994C"
2007,"45679940C"
2008,"45683324G"
2009,"45689108E"
2010,"45706051C"
2011,"45717466A"
2012,"45727048E"
2013,"45736316J"
2014,"45742617C"
2015,"45769437E"
2016,"45769736J"
2017,"45773385C"
2018,"45774669A"
2019,"45779148E"
2020,"45779649B"
2021,"45795279K"
2022,"45822065C"
2023,"45824455J"
2024,"45866384A"
2025,"45879054K"
2026,"45889824H"
2027,"45901789E"
2028,"45923633B"
2029,"45925368H"
2030,"45941626B"
2031,"45942930A"
2032,"45944105K"
2033,"45975518F"
2034,"46009854C"
2035,"46013809B"
2036,"46066638G"
2037,"46066911J"
2038,"46070015J"
2039,"46081935C"
2040,"46117876C"
2041,"46118457K"
2042,"46162656A"
2043,"46180745J"
2044,"46210656K"
2045,"46267499E"
2046,"46285458A"
2047,"46301623E"
2048,"46306247K"
2049,"46307720B"
2050,"46323783F"
2051,"46338006H"
2052,"46364166H"
2053,"46403868L"
2054,"46412279L"
2055,"46421177K"
2056,"46431732H"
2057,"46438697G"
2058,"46522673E"
2059,"46526824B"
2060,"46532411F"
2061,"46564244E"
2062,"46565634G"
2063,"46571324H"
2064,"46579871B"
2065,"46600669E"
2066,"46600893F"
2067,"46621383L"
2068,"46621513K"
2069,"46625086E"
2070,"46641959F"
2071,"46658659G"
2072,"46679530C"
2073,"46718979J"
2074,"46739550J"
2075,"46749731B"
2076,"46767312C"
2077,"46800576A"
2078,"46822749H"
2079,"46842162L"
2080,"46867579C"
2081,"46870123L"
2082,"46912868K"
2083,"46913036C"
2084,"46918445J"
2085,"46925314C"
2086,"46944555C"
2087,"46955347E"
2088,"46977493G"
2089,"46989917L"
2090,"46990516A"
2091,"46992786E"
2092,"47003560G"
2093,"47048486B"
2094,"47055702K"
2095,"47066050F"
2096,"47074359L"
2097,"47108652J"
2098,"47127162A"
2099,"47140182J"
2100,"47176291L"
2101,"47181826B"
2102,"47191983A"
2103,"47261418L"
2104,"47262774L"
2105,"47270132C"
2106,"47337873K"
2107,"47341597H"
2108,"47342604H"
2109,"47411715A"
2110,"47412332C"
2111,"47417904H"
2112,"47442405A"
2113,"47494563H"
2114,"47515665J"
2115,"47528420C"
2116,"47539629J"
2117,"47547475E"
2118,"47551794A"
2119,"47557239H"
2120,"47558064J"
2121,"47572702K"
2122,"47602674F"
2123,"47604410K"
2124,"47628591C"
2125,"47659393F"
2126,"47671176B"
2127,"47680423K"
2128,"47681326B"
2129,"47694044K"
2130,"47695989G"
2131,"47696362L"
2132,"47703111A"
2133,"47716051G"
2134,"47725976L"
2135,"47738783G"
2136,"47743512J"
2137,"47744797L"
2138,"47748025E"
2139,"47807949K"
2140,"47826259E"
2141,"47913376A"
2142,"47920122E"
2143,"47930709B"
2144,"47943976G"
2145,"47962611C"
2146,"47995282K"
2147,"48017846K"
2148,"48045984F"
2149,"48059418B"
2150,"48111263A"
2151,"48135328C"
2152,"48135751K"
2153,"48139813J"
2154,"48148811G"
2155,"48149431H"
2156,"48166788F"
2157,"48174551G"
2158,"48175072A"
2159,"48182127J"
2160,"48185618J"
2161,"48202659C"
2162,"48236870A"
2163,"48246476L"
2164,"48253377B"
2165,"48267831L"
2166,"48293007E"
2167,"48293087L"
2168,"48309012L"
2169,"48341883J"
2170,"48344331A"
2171,"48357605F"
2172,"48375860J"
2173,"48376482F"
2174,"48477391B"
2175,"48479770H"
2176,"48488447E"
2177,"48526864G"
2178,"48527246H"
2179,"48535526A"
2180,"48543356F"
2181,"48592061B"
2182,"48621184A"
2183,"48627502C"
2184,"48669532J"
2185,"48681658K"
2186,"48700240B"
2187,"48703629L"
2188,"48712870L"
2189,"48731602L"
2190,"48732229B"
2191,"48743195L"
2192,"48759483K"
2193,"48768061H"
2194,"48782220L"
2195,"48811024A"
2196,"48880581F"
2197,"48896938B"
2198,"48939910L"
2199,"48947716A"
2200,"48958967H"
2201,"48967619F"
2202,"48983644C"
2203,"48988473J"
2204,"48995603F"
2205,"49014514K"
2206,"49020056C"
2207,"49028188C"
2208,"49042386A"
2209,"49048376B"
2210,"49054779B"
2211,"49094922B"
2212,"49122139B"
2213,"49127801F"
2214,"49131354C"
2215,"49158016K"
2216,"49178822L"
2217,"49193781K"
2218,"49199795G"
2219,"49201171J"
2220,"49219056A"
2221,"49220260J"
2222,"49225413F"
2223,"49225753L"
2224,"49245922J"
2225,"49294113E"
2226,"49298924J"
2227,"49299713C"
2228,"49355050J"
2229,"49371823L"
2230,"49399731L"
2231,"49449408H"
2232,"49471244B"
2233,"49497396E"
2234,"49499465F"
2235,"49502804A"
2236,"49518646B"
2237,"49526546E"
2238,"49526663J"
2239,"49568621J"
2240,"49617993A"
2241,"49618577G"
2242,"49633220B"
2243,"49637234C"
2244,"49661907H"
2245,"49712716L"
2246,"49747233G"
2247,"49748259A"
2248,"49757286H"
2249,"49800430F"
2250,"49825418E"
2251,"49840426E"
2252,"49849195L"
2253,"49860184H"
2254,"49882645H"
2255,"49916150G"
2256,"49924585K"
2257,"49932003C"
2258,"49963250A"
2259,"49987984C"
2260,"50026385G"
2261,"50065466K"
2262,"50066162C"
2263,"50127773A"
2264,"50144800H"
2265,"50173970C"
2266,"50180606C"
2267,"50202945E"
2268,"50255813B"
2269,"50277362K"
2270,"50279836A"
2271,"50297369E"
2272,"50364794F"
2273,"50371579G"
2274,"50373978F"
2275,"50392917A"
2276,"50427577B"
2277,"50451417E"
2278,"50456503K"
2279,"50482415B"
2280,"50485235H"
2281,"50488174B"
2282,"50521853E"
2283,"50544319B"
2284,"50581992L"
2285,"50596784C"
2286,"50603967C"
2287,"50604007C"
2288,"50636535L"
2289,"50652736C"
2290,"50656438E"
2291,"50657089K"
2292,"50662479L"
2293,"50687518C"
2294,"50713913B"
2295,"50737023E"
2296,"50744965H"
2297,"50753064H"
2298,"50767674H"
2299,"50772659L"
2300,"50782314H"
2301,"50821559B"
2302,"50867952C"
2303,"50895525L"
2304,"50942961H"
2305,"50985130J"
2306,"50989677E"
2307,"50994218A"
2308,"51009678C"
2309,"51012641H"
2310,"51014664G"
2311,"51015406F"
2312,"51030022L"
2313,"51068049L"
2314,"51081072C"
2315,"51090222L"
2316,"51142147L"
2317,"51144106F"
2318,"51185578H"
2319,"51193292H"
2320,"51238366K"
2321,"51262249J"
2322,"51265527E"
2323,"51275712H"
2324,"51282527K"
2325,"51288478G"
2326,"51308953F"
2327,"51310232J"
2328,"51334841B"
2329,"51336670J"
2330,"51350867G"
2331,"51390938F"
2332,"51400911G"
2333,"51402889G"
2334,"51415035C"
2335,"51415742E"
2336,"51421881C"
2337,"51429318E"
2338,"51435622F"
2339,"51442550K"
2340,"51456284E"
2341,"51543366J"
2342,"51592319E"
2343,"51662785F"
2344,"51669095L"
2345,"51671609G"
2346,"51678088G"
2347,"51682211C"
2348,"51686403B"
2349,"51696041F"
2350,"51715071G"
2351,"51720414A"
2352,"51744939A"
2353,"51836640B"
2354,"51885581G"
2355,"51891050B"
2356,"51892679L"
2357,"51904000B"
2358,"51909211F"
2359,"51920636H"
2360,"51972538F"
2361,"51991842B"
2362,"51996158K"
2363,"52032322G"
2364,"52038210B"
2365,"52073556J"
2366,"52079411E"
2367,"52081045E"
2368,"52088051L"
2369,"52109063K"
2370,"52131008K"
2371,"52134288B"
2372,"52186623B"
2373,"52196424E"
2374,"52212299A"
2375,"52253875L"
2376,"52258310C"
2377,"52261784G"
2378,"52267470J"
2379,"52268694F"
2380,"52272244C"
2381,"52273756E"
2382,"52291092F"
2383,"52294257K"
2384,"52294583F"
2385,"52298578F"
2386,"52304522G"
2387,"52312325J"
2388,"52331818G"
2389,"52340511B"
2390,"52352069K"
2391,"52415125J"
2392,"52436807L"
2393,"52467215A"
2394,"52479649C"
2395,"52533154C"
2396,"52547402J"
2397,"52552314E"
2398,"52552779H"
2399,"52564441J"
2400,"52570544A"
2401,"52577494J"
2402,"52590340F"
2403,"52643972K"
2404,"52649245B"
2405,"52654605B"
2406,"52671456H"
2407,"52702221G"
2408,"52705469F"
2409,"52723460G"
2410,"52799267G"
2411,"52799710F"
2412,"52823087E"
2413,"52838818B"
2414,"52848730L"
2415,"52850255H"
2416,"52862256C"
2417,"52883782E"
2418,"52912697E"
2419,"52972702H"
2420,"52973831H"
2421,"52997288F"
2422,"53061021H"
2423,"53064650J"
2424,"53075722B"
2425,"53081086J"
2426,"53113514E"
2427,"53135412K"
2428,"53146065H"
2429,"53154836B"
2430,"53157140H"
2431,"53162496K"
2432,"53171947G"
2433,"53172991G"
2434,"53217937E"
2435,"53221766C"
2436,"53248809E"
2437,"53297245J"
2438,"53305511B"
2439,"53318470J"
2440,"53318986J"
2441,"53336595E"
2442,"53376184G"
2443,"53378131J"
2444,"53379580K"
2445,"53384577F"
2446,"53390447L"
2447,"53400770C"
2448,"53420810E"
2449,"53456849A"
2450,"53457994C"
2451,"53461721G"
2452,"53500660G"
2453,"53502733K"
2454,"53519527E"
2455,"53525991G"
2456,"53570286A"
2457,"53599217G"
2458,"53665999H"
2459,"53677389K"
2460,"53692434H"
2461,"53707614B"
2462,"53726478K"
2463,"53734972H"
2464,"53737587B"
2465,"53746258A"
2466,"53773777K"
2467,"53781788L"
2468,"53814020L"
2469,"53835989H"
2470,"53839143A"
2471,"53845880J"
2472,"53869094A"
2473,"53871674E"
2474,"53904974L"
2475,"53910444K"
2476,"53932963F"
2477,"53946455J"
2478,"53967555E"
2479,"53970348E"
2480,"53983641G"
2481,"54035446G"
2482,"54048608J"
2483,"54058006F"
2484,"54068583E"
2485,"54090323A"
2486,"54097192L"
2487,"54106608C"
2488,"54130238A"
2489,"54133868F"
2490,"54134537H"
2491,"54139153J"
2492,"54160206F"
2493,"54200667C"
2494,"54204217E"
2495,"54207323H"
2496,"54231195H"
2497,"54240210K"
2498,"54241843G"
2499,"54258329C"
2500,"54279761L"
2501,"54279780A"
2502,"54283644F"
2503,"54312910G"
2504,"54322581K"
2505,"54338614C"
2506,"54377252E"
2507,"54393063J"
2508,"54410725C"
2509,"54411104F"
2510,"54414996F"
2511,"54433332J"
2512,"54455467C"
2513,"54455566K"
2514,"54462712J"
2515,"54485744J"
2516,"54505133H"
2517,"54509563G"
2518,"54513611C"
2519,"54600249F"
2520,"54688480E"
2521,"54701177C"
2522,"54734290F"
2523,"54752571K"
2524,"54756545B"
2525,"54757130H"
2526,"54765269F"
2527,"54766414G"
2528,"54782747F"
2529,"54791882A"
2530,"54795857H"
2531,"54812826H"
2532,"54818230L"
2533,"54819433L"
2534,"54819976B"
2535,"54822075E"
2536,"54869770A"
2537,"54876954F"
2538,"54877528C"
2539,"54883505F"
2540,"54893070A"
2541,"54924919L"
2542,"54928117E"
2543,"54928135B"
2544,"54933259K"
2545,"54959053F"
2546,"54962369C"
2547,"54971686K"
2548,"54987479J"
2549,"55017546L"
2550,"55018704H"
2551,"55047735K"
2552,"55049976E"
2553,"55101169A"
2554,"55117816F"
2555,"55119741J"
2556,"55125098G"
2557,"55141385K"
2558,"55168318E"
2559,"55174763F"
2560,"55179107G"
2561,"55187998F"
2562,"55245317H"
2563,"55250597C"
2564,"55276374E"
2565,"55285564K"
2566,"55291598H"
2567,"55293595E"
2568,"55299335B"
2569,"55300700A"
2570,"55300831E"
2571,"55310377B"
2572,"55389058L"
2573,"55400565K"
2574,"55488959L"
2575,"55496181G"
2576,"55509034G"
2577,"55514095C"
2578,"55526190L"
2579,"55526421A"
2580,"55562279J"
2581,"55582277G"
2582,"55583337L"
2583,"55632849K"
2584,"55636421H"
2585,"55646768L"
2586,"55657477H"
2587,"55669969E"
2588,"55670670H"
2589,"55674186K"
2590,"55703558H"
2591,"55704853B"
2592,"55738353L"
2593,"55766171F"
2594,"55775138B"
2595,"55777060G"
2596,"55788314L"
2597,"55789951G"
2598,"55798053F"
2599,"55833003B"
2600,"55840050G"
2601,"55859434E"
2602,"55865821K"
2603,"55874317K"
2604,"55877714F"
2605,"55915915H"
2606,"55917823F"
2607,"55918291H"
2608,"55931922H"
2609,"55959677J"
2610,"55974789K"
2611,"55983657H"
2612,"55987018L"
2613,"56011702C"
2614,"56021585H"
2615,"56035114J"
2616,"56051708K"
2617,"56060026J"
2618,"56070500J"
2619,"56075038C"
2620,"56097799A"
2621,"56120808C"
2622,"56145335K"
2623,"56146467J"
2624,"56150928H"
2625,"56157917J"
2626,"56188388L"
2627,"56195451F"
2628,"56233465F"
2629,"56278075K"
2630,"56285037F"
2631,"56307096C"
2632,"56314110G"
2633,"56374583B"
2634,"56378481K"
2635,"56381583L"
2636,"56392661K"
2637,"56393454G"
2638,"56420759K"
2639,"56427461G"
2640,"56464201F"
2641,"56478910A"
2642,"56500891H"
2643,"56502523C"
2644,"56514285H"
2645,"56524259F"
2646,"56536384C"
2647,"56579900G"
2648,"56648646L"
2649,"56658394K"
2650,"56686169L"
2651,"56729316L"
2652,"56750662E"
2653,"56777747K"
2654,"56777842C"
2655,"56778340F"
2656,"56789102F"
2657,"56792606J"
2658,"56818439A"
2659,"56831712G"
2660,"56843399L"
2661,"56847399B"
2662,"56866779F"
2663,"56893931C"
2664,"56904778C"
2665,"56915748B"
2666,"56920219A"
2667,"56924648H"
2668,"56933294J"
2669,"56933605E"
2670,"56946954K"
2671,"56966924B"
2672,"56983990E"
2673,"56988256G"
2674,"57012986F"
2675,"57015290L"
2676,"57016382A"
2677,"57016816K"
2678,"57031876L"
2679,"57068184L"
2680,"57095594F"
2681,"57099626C"
2682,"57170163F"
2683,"57192597E"
2684,"57194836B"
2685,"57200323F"
2686,"57298571K"
2687,"57303387H"
2688,"57304843F"
2689,"57346272C"
2690,"57346585G"
2691,"57365199L"
2692,"57404343K"
2693,"57448020K"
2694,"57455175G"
2695,"57455912H"
2696,"57462649L"
2697,"57471319G"
2698,"57483171K"
2699,"57505625L"
2700,"57531098C"
2701,"57591058H"
2702,"57619328L"
2703,"57640449L"
2704,"57650315F"
2705,"57745731L"
2706,"57781897F"
2707,"57794996H"
2708,"57798158F"
2709,"57817803J"
2710,"57831888F"
2711,"57891714H"
2712,"57924989J"
2713,"57965060H"
2714,"57981842C"
2715,"58003072E"
2716,"58004083H"
2717,"58019239L"
2718,"58019779C"
2719,"58027194K"
2720,"58091501E"
2721,"58092531J"
2722,"58119159E"
2723,"58130799C"
2724,"58168545C"
2725,"58194633J"
2726,"58246404B"
2727,"58287290G"
2728,"58326030L"
2729,"58341934B"
2730,"58368943A"
2731,"58393572K"
2732,"58467782E"
2733,"58490329H"
2734,"58529120K"
2735,"58529273B"
2736,"58533415C"
2737,"58547724C"
2738,"58565410F"
2739,"58572904C"
2740,"58579031F"
2741,"58586271K"
2742,"58599064K"
2743,"58612251C"
2744,"58615611L"
2745,"58665713L"
2746,"58677053J"
2747,"58687212B"
2748,"58698315L"
2749,"58737576H"
2750,"58748410J"
2751,"58752504A"
2752,"58760775B"
2753,"58763735C"
2754,"58778676H"
2755,"58790950B"
2756,"58793780E"
2757,"58793973E"
2758,"58805954F"
2759,"58818370K"
2760,"58853416H"
2761,"58856317L"
2762,"58868854H"
2763,"58876463G"
2764,"58900148B"
2765,"58914295G"
2766,"58927012K"
2767,"58962404H"
2768,"58963717C"
2769,"58976796B"
2770,"59003380F"
2771,"59028470G"
2772,"59037462K"
2773,"59074805A"
2774,"59093663L"
2775,"59115311A"
2776,"59157823C"
2777,"59175724F"
2778,"59189644K"
2779,"59293405E"
2780,"59321182J"
2781,"59415710A"
2782,"59443911H"
2783,"59450699J"
2784,"59512493K"
2785,"59537904C"
2786,"59544141J"
2787,"59564203K"
2788,"59569107H"
2789,"59615524L"
2790,"59637490J"
2791,"59642005G"
2792,"59658349J"
2793,"59670664E"
2794,"59676751F"
2795,"59690611E"
2796,"59706528H"
2797,"59734861G"
2798,"59739524F"
2799,"59754516C"
2800,"59767273F"
2801,"59780416C"
2802,"59780733F"
2803,"59782485F"
2804,"59797659G"
2805,"59818382F"
2806,"59847190G"
2807,"59849323L"
2808,"59851477K"
2809,"59871271H"
2810,"59921903A"
2811,"60000051A"
2812,"60010440E"
2813,"60054188K"
2814,"60071837K"
2815,"60102841A"
2816,"60169257F"
2817,"60175399C"
2818,"60210322F"
2819,"60223829H"
2820,"60243295E"
2821,"60251327A"
2822,"60320302H"
2823,"60356540G"
2824,"60436668J"
2825,"60458846G"
2826,"60459556K"
2827,"60461819L"
2828,"60513863H"
2829,"60515359K"
2830,"60518144J"
2831,"60519660J"
2832,"60590991J"
2833,"60608439F"
2834,"60613079K"
2835,"60618265C"
2836,"60655466C"
2837,"60666590F"
2838,"60677891F"
2839,"60700402J"
2840,"60719147J"
2841,"60723737E"
2842,"60763597G"
2843,"60766077G"
2844,"60774985K"
2845,"60780485K"
2846,"60793285H"
2847,"60795500K"
2848,"60816208B"
2849,"60905028H"
2850,"60907834L"
2851,"60908375K"
2852,"60954253C"
2853,"61022757F"
2854,"61046781E"
2855,"61071337H"
2856,"61077665H"
2857,"61093996L"
2858,"61095769G"
2859,"61131095H"
2860,"61133724E"
2861,"61142329H"
2862,"61162267E"
2863,"61166361H"
2864,"61197778F"
2865,"61215247C"
2866,"61223997B"
2867,"61235099L"
2868,"61265483B"
2869,"61269246H"
2870,"61274193G"
2871,"61274577L"
2872,"61280659G"
2873,"61281095A"
2874,"61292023G"
2875,"61329618K"
2876,"61348355B"
2877,"61349314E"
2878,"61362344J"
2879,"61381961J"
2880,"61383395C"
2881,"61384696G"
2882,"61403384G"
2883,"61411957K"
2884,"61422992B"
2885,"61439696F"
2886,"61443683J"
2887,"61452836E"
2888,"61453646G"
2889,"61455223C"
2890,"61490961A"
2891,"61523120H"
2892,"61523631B"
2893,"61545596L"
2894,"61548371B"
2895,"61553320G"
2896,"61573336F"
2897,"61581538L"
2898,"61589129E"
2899,"61593562G"
2900,"61622961G"
2901,"61660328H"
2902,"61660478A"
2903,"61682404L"
2904,"61701258K"
2905,"61735639H"
2906,"61758051G"
2907,"61776580H"
2908,"61802604L"
2909,"61820328H"
2910,"61828074H"
2911,"61838735B"
2912,"61867877C"
2913,"61882154G"
2914,"61895021C"
2915,"61901435B"
2916,"61902397E"
2917,"61912002G"
2918,"61912752E"
2919,"61914898F"
2920,"61929367J"
2921,"61944278J"
2922,"61966202A"
2923,"61976589B"
2924,"61984173B"
2925,"62007564K"
2926,"62045898A"
2927,"62046442F"
2928,"62064040A"
2929,"62075110K"
2930,"62093744E"
2931,"62110975L"
2932,"62120649A"
2933,"62132542E"
2934,"62133968F"
2935,"62140299E"
2936,"62183976A"
2937,"62185541F"
2938,"62222251C"
2939,"62259477F"
2940,"62294659J"
2941,"62326985L"
2942,"62363523F"
2943,"62364746K"
2944,"62397777C"
2945,"62433149K"
2946,"62451497C"
2947,"62487302F"
2948,"62519578G"
2949,"62523761F"
2950,"62526473L"
2951,"62601921E"
2952,"62614141B"
2953,"62625351H"
2954,"62635046F"
2955,"62649869K"
2956,"62674897L"
2957,"62680271K"
2958,"62739421C"
2959,"62745970F"
2960,"62759564C"
2961,"62760441A"
2962,"62771818H"
2963,"62815399L"
2964,"62816910E"
2965,"62859259C"
2966,"62870770B"
2967,"62880969H"
2968,"62894870H"
2969,"62903901C"
2970,"62923866F"
2971,"62926263A"
2972,"62945587F"
2973,"62956134F"
2974,"62965325C"
2975,"63027945A"
2976,"63059003C"
2977,"63071046L"
2978,"63147051J"
2979,"63196135H"
2980,"63197660A"
2981,"63227677K"
2982,"63245054L"
2983,"63265522B"
2984,"63289177B"
2985,"63329309E"
2986,"63337120E"
2987,"63356046J"
2988,"63379411A"
2989,"63390991K"
2990,"63420811E"
2991,"63421265L"
2992,"63480435G"
2993,"63491513F"
2994,"63491916L"
2995,"63503701B"
2996,"63507018K"
2997,"63509341B"
2998,"63520258J"
2999,"63528777J"
3000,"63530839J"
3001,"63536882L"
3002,"63540553E"
3003,"63560680K"
3004,"63561501L"
3005,"63580204C"
3006,"63583826G"
3007,"63628774J"
3008,"63635711F"
3009,"63637789E"
3010,"63650740B"
3011,"63663234J"
3012,"63663784J"
3013,"63686802J"
3014,"63723552E"
3015,"63740527C"
3016,"63755045J"
3017,"63778210C"
3018,"63791943K"
3019,"63871416H"
3020,"63904876E"
3021,"63910352J"
3022,"64008267L"
3023,"64030175K"
3024,"64074029H"
3025,"64230492K"
3026,"64240303H"
3027,"64257449L"
3028,"64293476J"
3029,"64311117K"
3030,"64334836G"
3031,"64346146C"
3032,"64348928C"
3033,"64376839K"
3034,"64404757B"
3035,"64421041K"
3036,"64433559J"
3037,"64460014B"
3038,"64460573G"
3039,"64479167K"
3040,"64480632J"
3041,"64504198J"
3042,"64541106J"
3043,"64554972C"
3044,"64558700B"
3045,"64562790E"
3046,"64574278B"
3047,"64579890A"
3048,"64586838A"
3049,"64617878B"
3050,"64648769C"
3051,"64680717G"
3052,"64689526K"
3053,"64715971C"
3054,"64723810L"
3055,"64773537C"
3056,"64776042K"
3057,"64794783A"
3058,"64814242J"
3059,"64819420A"
3060,"64892461H"
3061,"64923313B"
3062,"64946673E"
3063,"64949911B"
3064,"64950157G"
3065,"64959447C"
3066,"64978834E"
3067,"64991232H"
3068,"65000519H"
3069,"65058704B"
3070,"65072914C"
3071,"65076899H"
3072,"65088114G"
3073,"65095030H"
3074,"65121106A"
3075,"65125610H"
3076,"65135086H"
3077,"65141109E"
3078,"65142064F"
3079,"65158505G"
3080,"65247041G"
3081,"65250415K"
3082,"65254899F"
3083,"65268971F"
3084,"65285806H"
3085,"65308627J"
3086,"65313719J"
3087,"65329609H"
3088,"65359465L"
3089,"65401718A"
3090,"65406627A"
3091,"65412308J"
3092,"65419320K"
3093,"65423487L"
3094,"65431719F"
3095,"65432260A"
3096,"65448824E"
3097,"65453517A"
3098,"65489358C"
3099,"65489653F"
3100,"65531498L"
3101,"65569059E"
3102,"65600476F"
3103,"65608468J"
3104,"65610370F"
3105,"65655007C"
3106,"65694148J"
3107,"65712547J"
3108,"65732458C"
3109,"65733712H"
3110,"65775294J"
3111,"65775414L"
3112,"65818916H"
3113,"65819771K"
3114,"65861988G"
3115,"65865588B"
3116,"65924058E"
3117,"65936335A"
3118,"65955575J"
3119,"65985138E"
3120,"65990656K"
3121,"66071731L"
3122,"66086679F"
3123,"66149207E"
3124,"66159316E"
3125,"66164097J"
3126,"66165170F"
3127,"66179517K"
3128,"66182908H"
3129,"66198816E"
3130,"66200657K"
3131,"66207747B"
3132,"66224467E"
3133,"66244070J"
3134,"66282613A"
3135,"66309691F"
3136,"66310195B"
3137,"66350654E"
3138,"66397839B"
3139,"66405846L"
3140,"66425515C"
3141,"66426346B"
3142,"66429079E"
3143,"66493695A"
3144,"66512369F"
3145,"66520540C"
3146,"66552908B"
3147,"66567890E"
3148,"66578213C"
3149,"66645921G"
3150,"66664807B"
3151,"66664939J"
3152,"66667789E"
3153,"66671248H"
3154,"66684697A"
3155,"66737403A"
3156,"66743958A"
3157,"66754980J"
3158,"66805891G"
3159,"66806766E"
3160,"66826493C"
3161,"66837051C"
3162,"66891480A"
3163,"66894631G"
3164,"66939289A"
3165,"66939939K"
3166,"66966305E"
3167,"67068361B"
3168,"67104903F"
3169,"67128007B"
3170,"67146528B"
3171,"67190440L"
3172,"67199647G"
3173,"67238177G"
3174,"67242985J"
3175,"67287887J"
3176,"67296895C"
3177,"67333029B"
3178,"67346532K"
3179,"67367459B"
3180,"67380865G"
3181,"67407554C"
3182,"67411803A"
3183,"67415162K"
3184,"67444392G"
3185,"67444989E"
3186,"67472002A"
3187,"67479526C"
3188,"67490369K"
3189,"67492002F"
3190,"67501429K"
3191,"67539444C"
3192,"67561843C"
3193,"67574852C"
3194,"67590955C"
3195,"67616091K"
3196,"67636579J"
3197,"67704590H"
3198,"67728100E"
3199,"67728534C"
3200,"67743952G"
3201,"67801241J"
3202,"67806814F"
3203,"67817006B"
3204,"67817912J"
3205,"67848690F"
3206,"67860357A"
3207,"67889093A"
3208,"67944645B"
3209,"67946238E"
3210,"67946852E"
3211,"67962543F"
3212,"68006953L"
3213,"68010362K"
3214,"68019557B"
3215,"68046090G"
3216,"68048030L"
3217,"68048369F"
3218,"68055423G"
3219,"68072544H"
3220,"68099161A"
3221,"68122003F"
3222,"68166381B"
3223,"68210657B"
3224,"68214722H"
3225,"68233288C"
3226,"68243458H"
3227,"68255246K"
3228,"68276775K"
3229,"68280337L"
3230,"68283033L"
3231,"68381387H"
3232,"68394158H"
3233,"68408312H"
3234,"68431327K"
3235,"68461348H"
3236,"68493860K"
3237,"68504538E"
3238,"68527202A"
3239,"68538646H"
3240,"68549308J"
3241,"68564260G"
3242,"68571788H"
3243,"68608598H"
3244,"68613643J"
3245,"68674363L"
3246,"68674636F"
3247,"68685231E"
3248,"68689059G"
3249,"68692653J"
3250,"68715044B"
3251,"68731139A"
3252,"68775456C"
3253,"68809331H"
3254,"68821182H"
3255,"68838150J"
3256,"68843141G"
3257,"68846488A"
3258,"68847278K"
3259,"68859514F"
3260,"68863718E"
3261,"68870965G"
3262,"68899468A"
3263,"68904095J"
3264,"68913963G"
3265,"68935024L"
3266,"68961251K"
3267,"68997494C"
3268,"69013510J"
3269,"69044309E"
3270,"69046801A"
3271,"69100437H"
3272,"69128946E"
3273,"69133433F"
3274,"69138501B"
3275,"69154014F"
3276,"69156490A"
3277,"69178152B"
3278,"69206834A"
3279,"69211807A"
3280,"69221996H"
3281,"69224533K"
3282,"69231565E"
3283,"69250911E"
3284,"69288420J"
3285,"69312364A"
3286,"69328239A"
3287,"69333555B"
3288,"69359421B"
3289,"69368504L"
3290,"69370522A"
3291,"69384006C"
3292,"69392044G"
3293,"69392464G"
3294,"69413598E"
3295,"69498476G"
3296,"69499747J"
3297,"69536878K"
3298,"69541701B"
3299,"69553477F"
3300,"69578029K"
3301,"69581229C"
3302,"69590018K"
3303,"69622353F"
3304,"69671978L"
3305,"69678785A"
3306,"69682253J"
3307,"69703955C"
3308,"69719956A"
3309,"69724242A"
3310,"69755278E"
3311,"69758607H"
3312,"69796927L"
3313,"69797029J"
3314,"69818315B"
3315,"69823782L"
3316,"69837208G"
3317,"69867662H"
3318,"69887245L"
3319,"69899012F"
3320,"69908714H"
3321,"69959477K"
3322,"70003077K"
3323,"70015996E"
3324,"70019638C"
3325,"70020293E"
3326,"70026503G"
3327,"70030949H"
3328,"70065998F"
3329,"70098993L"
3330,"70099297B"
3331,"70173784J"
3332,"70185047K"
3333,"70210444A"
3334,"70225442H"
3335,"70243604A"
3336,"70261446F"
3337,"70268670H"
3338,"70302467B"
3339,"70304676L"
3340,"70331452J"
3341,"70405447G"
3342,"70411762H"
3343,"70414057A"
3344,"70425057A"
3345,"70443964J"
3346,"70452451A"
3347,"70457217J"
3348,"70496617K"
3349,"70508598A"
3350,"70513972H"
3351,"70527982C"
3352,"70568242C"
3353,"70576514G"
3354,"70597410B"
3355,"70598434A"
3356,"70613156B"
3357,"70638833A"
3358,"70651168H"
3359,"70662556L"
3360,"70676365F"
3361,"70689683G"
3362,"70715827B"
3363,"70748656B"
3364,"70770957K"
3365,"70813863A"
3366,"70852704J"
3367,"70874035K"
3368,"70881030B"
3369,"70888475B"
3370,"70891583J"
3371,"70905954E"
3372,"70915906B"
3373,"70922267B"
3374,"70939522E"
3375,"70940516K"
3376,"70956598G"
3377,"71018596L"
3378,"71022740E"
3379,"71027935F"
3380,"71044617F"
3381,"71047525G"
3382,"71060778A"
3383,"71073654B"
3384,"71105624H"
3385,"71117590J"
3386,"71132848C"
3387,"71156144E"
3388,"71159953K"
3389,"71202664F"
3390,"71222610B"
3391,"71296664L"
3392,"71298525B"
3393,"71353703G"
3394,"71370500E"
3395,"71372040C"
3396,"71373833L"
3397,"71386299B"
3398,"71392127C"
3399,"71401100A"
3400,"71421684J"
3401,"71441782F"
3402,"71457547K"
3403,"71457647J"
3404,"71464386E"
3405,"71469101L"
3406,"71489256C"
3407,"71537472A"
3408,"71577579K"
3409,"71621800G"
3410,"71684227J"
3411,"71799929J"
3412,"71813578K"
3413,"71842936K"
3414,"71858742A"
3415,"71866727C"
3416,"71878163J"
3417,"71879479C"
3418,"71888766J"
3419,"71892441A"
3420,"71905361A"
3421,"71907068A"
3422,"71963754F"
3423,"71980561L"
3424,"72010478B"
3425,"72015492C"
3426,"72019811B"
3427,"72066149L"
3428,"72080502C"
3429,"72089010G"
3430,"72148684K"
3431,"72174750E"
3432,"72176749L"
3433,"72234422C"
3434,"72260360F"
3435,"72278691H"
3436,"72283082A"
3437,"72285308G"
3438,"72312279L"
3439,"72375871A"
3440,"72393854E"
3441,"72398817L"
3442,"72412107F"
3443,"72440583L"
3444,"72500093C"
3445,"72524755L"
3446,"72556486E"
3447,"72569998J"
3448,"72616333B"
3449,"72635357K"
3450,"72639281F"
3451,"72660952E"
3452,"72662904A"
3453,"72711464K"
3454,"72715541H"
3455,"72737091H"
3456,"72763731H"
3457,"72784764E"
3458,"72794344A"
3459,"72804602L"
3460,"72809722J"
3461,"72821077F"
3462,"72828967L"
3463,"72836249L"
3464,"72840685A"
3465,"72847744L"
3466,"72871014K"
3467,"72923669C"
3468,"72935656L"
3469,"72941546K"
3470,"72944021E"
3471,"72956542K"
3472,"72960333G"
3473,"72980499K"
3474,"72997411H"
3475,"73025184F"
3476,"73058345J"
3477,"73065713F"
3478,"73066735J"
3479,"73121180L"
3480,"73122494K"
3481,"73176958F"
3482,"73181590F"
3483,"73185495C"
3484,"73201328F"
3485,"73233428A"
3486,"73240526B"
3487,"73281177F"
3488,"73284208H"
3489,"73289373F"
3490,"73319380C"
3491,"73321569H"
3492,"73341905C"
3493,"73342939K"
3494,"73365711G"
3495,"73396081G"
3496,"73401745E"
3497,"73414727B"
3498,"73423645F"
3499,"73440271C"
3500,"73463368K"
3501,"73471980E"
3502,"73489033J"
3503,"73495414J"
3504,"73502990E"
3505,"73527712F"
3506,"73552356F"
3507,"73565855C"
3508,"73604723A"
3509,"73634262B"
3510,"73649879G"
3511,"73673518H"
3512,"73678588A"
3513,"73683009F"
3514,"73689412F"
3515,"73724422E"
3516,"73724938E"
3517,"73729813A"
3518,"73786927B"
3519,"73786982K"
3520,"73807391F"
3521,"73815010L"
3522,"73823355A"
3523,"73829507J"
3524,"73831365K"
3525,"73888839A"
3526,"73925238B"
3527,"73933872H"
3528,"73939344F"
3529,"73994103C"
3530,"74014891K"
3531,"74036744E"
3532,"74058837F"
3533,"74100082C"
3534,"74111708J"
3535,"74114898K"
3536,"74125270H"
3537,"74131975L"
3538,"74134889K"
3539,"74163214K"
3540,"74176500C"
3541,"74183640J"
3542,"74212496L"
3543,"74218216E"
3544,"74221587K"
3545,"74259056F"
3546,"74265971L"
3547,"74269198F"
3548,"74271809A"
3549,"74289073A"
3550,"74315687B"
3551,"74326243G"
3552,"74341551C"
3553,"74367668B"
3554,"74401999B"
3555,"74403779G"
3556,"74465137G"
3557,"74488650H"
3558,"74532953K"
3559,"74544410L"
3560,"74592223H"
3561,"74608318J"
3562,"74647246K"
3563,"74655097L"
3564,"74656065G"
3565,"74664789G"
3566,"74665975J"
3567,"74689302B"
3568,"74719242A"
3569,"74793318F"
3570,"74806806B"
3571,"74822946A"
3572,"74836474L"
3573,"74841752K"
3574,"74888854C"
3575,"74902631H"
3576,"74903030C"
3577,"74907336L"
3578,"74914203K"
3579,"74932198G"
3580,"74949502K"
3581,"74951585H"
3582,"74964046C"
3583,"74969988C"
3584,"74980983F"
3585,"74993731B"
3586,"75079585H"
3587,"75184496K"
3588,"75186123L"
3589,"75198020F"
3590,"75206903A"
3591,"75215334F"
3592,"75241392L"
3593,"75255069B"
3594,"75258592G"
3595,"75268859C"
3596,"75308925G"
3597,"75403562C"
3598,"75406104L"
3599,"75409811L"
3600,"75426779B"
3601,"75440665L"
3602,"75443353K"
3603,"75443783G"
3604,"75450826L"
3605,"75503280C"
3606,"75507387F"
3607,"75507427B"
3608,"75525326J"
3609,"75528068E"
3610,"75556038J"
3611,"75558082A"
3612,"75604782G"
3613,"75608875K"
3614,"75633470E"
3615,"75655564J"
3616,"75666453K"
3617,"75667890H"
3618,"75668338H"
3619,"75705649B"
3620,"75717565J"
3621,"75723820H"
3622,"75726932J"
3623,"75742981B"
3624,"75803178J"
3625,"75845145B"
3626,"75861391F"
3627,"75882292G"
3628,"75889217G"
3629,"75922599A"
3630,"75932567A"
3631,"75967668K"
3632,"75970869G"
3633,"75983631K"
3634,"75985661G"
3635,"76001832L"
3636,"76036725K"
3637,"76054696L"
3638,"76056417F"
3639,"76064698C"
3640,"76077894F"
3641,"76082103J"
3642,"76135294G"
3643,"76151362L"
3644,"76187367E"
3645,"76194411J"
3646,"76209139L"
3647,"76214966G"
3648,"76226488E"
3649,"76258497F"
3650,"76265020H"
3651,"76272853H"
3652,"76275941B"
3653,"76304789C"
3654,"76317635C"
3655,"76332883K"
3656,"76342411F"
3657,"76353265E"
3658,"76366298L"
3659,"76398019G"
3660,"76406951A"
3661,"76443393L"
3662,"76462743B"
3663,"76475471G"
3664,"76478247E"
3665,"76489274G"
3666,"76511556A"
3667,"76578551K"
3668,"76602847K"
3669,"76603268F"
3670,"76618152C"
3671,"76618705A"
3672,"76632445J"
3673,"76658931G"
3674,"76686609H"
3675,"76689744J"
3676,"76697772E"
3677,"76705411B"
3678,"76706411F"
3679,"76741391F"
3680,"76759432G"
3681,"76764043B"
3682,"76773893C"
3683,"76793728E"
3684,"76795491A"
3685,"76801101F"
3686,"76812613C"
3687,"76843522B"
3688,"76868074H"
3689,"76868390G"
3690,"76877648G"
3691,"76894695H"
3692,"76906310A"
3693,"76920602C"
3694,"76924794C"
3695,"76940404F"
3696,"76964720L"
3697,"76976775C"
3698,"76976824E"
3699,"76977129K"
3700,"76998201H"
3701,"77021495B"
3702,"77048153G"
3703,"77085898A"
3704,"77092033L"
3705,"77093198K"
3706,"77098541E"
3707,"77146621H"
3708,"77167873C"
3709,"77189241B"
3710,"77198103F"
3711,"77213604A"
3712,"77237451F"
3713,"77254318E"
3714,"77258903J"
3715,"77276022G"
3716,"77286049J"
3717,"77292112L"
3718,"77334618G"
3719,"77362205K"
3720,"77392515E"
3721,"77417611K"
3722,"77439754F"
3723,"77441102C"
3724,"77462905A"
3725,"77465792G"
3726,"77492048J"
3727,"77498182F"
3728,"77504259J"
3729,"77535996E"
3730,"77600175J"
3731,"77607776G"
3732,"77616392G"
3733,"77618765G"
3734,"77661928K"
3735,"77673131G"
3736,"77674646G"
3737,"77674933H"
3738,"77693098E"
3739,"77697955L"
3740,"77698035J"
3741,"77698588H"
3742,"77773574J"
3743,"77775592B"
3744,"77796213K"
3745,"77799727B"
3746,"77818167G"
3747,"77822434B"
3748,"77829505E"
3749,"77857728L"
3750,"77863039B"
3751,"77913437G"
3752,"77922986H"
3753,"77937425K"
3754,"77948783B"
3755,"77948990J"
3756,"77979302A"
3757,"78004708C"
3758,"78020905E"
3759,"78027400F"
3760,"78060943E"
3761,"78088148F"
3762,"78100279H"
3763,"78120095F"
3764,"78164383K"
3765,"78192088B"
3766,"78195005G"
3767,"78222185B"
3768,"78252552K"
3769,"78252801J"
3770,"78260313H"
3771,"36114321B"
3772,"78262709L"
3773,"78269248A"
3774,"78277171C"
3775,"78288418K"
3776,"78293970E"
3777,"78294747K"
3778,"78298161C"
3779,"78301658H"
3780,"78328231A"
3781,"78342550F"
3782,"78355626H"
3783,"78356849A"
3784,"78390119H"
3785,"78390601A"
3786,"78423916K"
3787,"78458671F"
3788,"78497117A"
3789,"78501118B"
3790,"78503318G"
3791,"78517984G"
3792,"78532030H"
3793,"78543168A"
3794,"78543879E"
3795,"78544164B"
3796,"78553245E"
3797,"78568630L"
3798,"78572989J"
3799,"78582145C"
3800,"78617754G"
3801,"78625303C"
3802,"78636243B"
3803,"78673425A"
3804,"78681925H"
3805,"78715846H"
3806,"78739478E"
3807,"78741462B"
3808,"78742357E"
3809,"78760073H"
3810,"78772884B"
3811,"78788917G"
3812,"78810182E"
3813,"78859328C"
3814,"78891382A"
3815,"78908693F"
3816,"78916289A"
3817,"78926679H"
3818,"78927213E"
3819,"78939129C"
3820,"78956732J"
3821,"78961344H"
3822,"78965883K"
3823,"78983308A"
3824,"79005160C"
3825,"79014589E"
3826,"79018939H"
3827,"79115103G"
3828,"79131576B"
3829,"79142555F"
3830,"79149808H"
3831,"79154987A"
3832,"79160691J"
3833,"79183850J"
3834,"79193054F"
3835,"79214372G"
3836,"79218428L"
3837,"79243952E"
3838,"79253594K"
3839,"79259368L"
3840,"79269320F"
3841,"79273034G"
3842,"79286233H"
3843,"79287106K"
3844,"79300136B"
3845,"79320141J"
3846,"79329035A"
3847,"79368086E"
3848,"79395651E"
3849,"79429082G"
3850,"79431953B"
3851,"79442484A"
3852,"79467820B"
3853,"79495765A"
3854,"79512778A"
3855,"79515942K"
3856,"79524630C"
3857,"79546690F"
3858,"79570716K"
3859,"79574089G"
3860,"79579096K"
3861,"79582196E"
3862,"79621333F"
3863,"79660666H"
3864,"79699558F"
3865,"79718944B"
3866,"79738914F"
3867,"79788425F"
3868,"79790520B"
3869,"79821758J"
3870,"79878280G"
3871,"79903379L"
3872,"79904536E"
3873,"79910770H"
3874,"79939963J"
3875,"79952164B"
3876,"79983004F"
3877,"79992148J"
3878,"79995109B"
3879,"80004537G"
3880,"80015862K"
3881,"80060574F"
3882,"80061765B"
3883,"80083546C"
3884,"80087466L"
3885,"80116180G"
3886,"80136165A"
3887,"80142925L"
3888,"80143944E"
3889,"80172786J"
3890,"80174278J"
3891,"80181294J"
3892,"80184146K"
3893,"80185132C"
3894,"80188436A"
3895,"80220154F"
3896,"80272936L"
3897,"80277559B"
3898,"80325307A"
3899,"80342680J"
3900,"80353869K"
3901,"80354366J"
3902,"80444177B"
3903,"80454636C"
3904,"80479240F"
3905,"80483619G"
3906,"80484739B"
3907,"80507579E"
3908,"80510287E"
3909,"80529418L"
3910,"80531263F"
3911,"80568471G"
3912,"80585601L"
3913,"80595596G"
3914,"80608818J"
3915,"80621986C"
3916,"80650131K"
3917,"80656991A"
3918,"80667832C"
3919,"80688495F"
3920,"80719763J"
3921,"80734189F"
3922,"80746047F"
3923,"80766005F"
3924,"80784043F"
3925,"80786551H"
3926,"80799384F"
3927,"80806531G"
3928,"80816210K"
3929,"80840950C"
3930,"80842206K"
3931,"80863096A"
3932,"80871433H"
3933,"80871639C"
3934,"80890657B"
3935,"80898065C"
3936,"80912202F"
3937,"80918279C"
3938,"80961410G"
3939,"80969382G"
3940,"80993180F"
3941,"80993971C"
3942,"81011327B"
3943,"81047017H"
3944,"81055720H"
3945,"81074931G"
3946,"81090430L"
3947,"81109584K"
3948,"81155602K"
3949,"81172550E"
3950,"81190388K"
3951,"81213477L"
3952,"81215122K"
3953,"81243595J"
3954,"81277967B"
3955,"81300735G"
3956,"81312792B"
3957,"81335901H"
3958,"81336128C"
3959,"81342087J"
3960,"81356277J"
3961,"81363897E"
3962,"81374115K"
3963,"81384434E"
3964,"81424356B"
3965,"81428388A"
3966,"81459339C"
3967,"81480339H"
3968,"81491772L"
3969,"81508612G"
3970,"81512305L"
3971,"81515506L"
3972,"81523103G"
3973,"81523683H"
3974,"81537797E"
3975,"81539617F"
3976,"81548470B"
3977,"81577607L"
3978,"81583894H"
3979,"81593405J"
3980,"81593993L"
3981,"81597872G"
3982,"81598840B"
3983,"81603802A"
3984,"81619067A"
3985,"81632681E"
3986,"81645928G"
3987,"81650395E"
3988,"81713357B"
3989,"81732866B"
3990,"81745615B"
3991,"81759310K"
3992,"81778470A"
3993,"81785330B"
3994,"81814763F"
3995,"81825420A"
3996,"81844367B"
3997,"81911014L"
3998,"81911901F"
3999,"81916451L"
4000,"81924416J"
4001,"81929699G"
4002,"81937660K"
4003,"81964153J"
4004,"81970986F"
4005,"81984717L"
4006,"81997208H"
4007,"81998464J"
4008,"82008410L"
4009,"82029748K"
4010,"82036282B"
4011,"82047625F"
4012,"82069703E"
4013,"82089448E"
4014,"82090951F"
4015,"82108740H"
4016,"82115612A"
4017,"82168374G"
4018,"82184931F"
4019,"82189061L"
4020,"82204033C"
4021,"82213511B"
4022,"82253078J"
4023,"82253086K"
4024,"82282556A"
4025,"82294675E"
4026,"82301294G"
4027,"82302026J"
4028,"82334385A"
4029,"82341635A"
4030,"82377050F"
4031,"82387568J"
4032,"82394259F"
4033,"82403026L"
4034,"82412224G"
4035,"82412610C"
4036,"82497322L"
4037,"82521708B"
4038,"82530741C"
4039,"82539601C"
4040,"82551606J"
4041,"82559462E"
4042,"82563831F"
4043,"82570879F"
4044,"82597468E"
4045,"82625441C"
4046,"82626587A"
4047,"82628306L"
4048,"82664333J"
4049,"82664413C"
4050,"82711184C"
4051,"82729528L"
4052,"82730595L"
4053,"82742549L"
4054,"82744081F"
4055,"82754566J"
4056,"82785482F"
4057,"82814899G"
4058,"82830743G"
4059,"82835513B"
4060,"82853132F"
4061,"82857135G"
4062,"82884584G"
4063,"82895189F"
4064,"82908908C"
4065,"82981209J"
4066,"82985762G"
4067,"83004353K"
4068,"83028529L"
4069,"83033737A"
4070,"83041972C"
4071,"83050679A"
4072,"83080056F"
4073,"83097136J"
4074,"83110605A"
4075,"83122435H"
4076,"83168028K"
4077,"83171774A"
4078,"83199236B"
4079,"83199716C"
4080,"83250589H"
4081,"83270288A"
4082,"83295816K"
4083,"83301473L"
4084,"83303899E"
4085,"83314199A"
4086,"83341719A"
4087,"83358179H"
4088,"83396753A"
4089,"83420306A"
4090,"83449898G"
4091,"83472282H"
4092,"83478887E"
4093,"83549000G"
4094,"83565073G"
4095,"83583803H"
4096,"83587995H"
4097,"83624494H"
4098,"83633083F"
4099,"83654878B"
4100,"83658522E"
4101,"83667446F"
4102,"83670419K"
4103,"83671791A"
4104,"83743072A"
4105,"83747719F"
4106,"83756059E"
4107,"83802574L"
4108,"83812084K"
4109,"83814694G"
4110,"83827863G"
4111,"83836808C"
4112,"83856213F"
4113,"83859488G"
4114,"83863709K"
4115,"83893627K"
4116,"83896610L"
4117,"83924881E"
4118,"83944152H"
4119,"83958185G"
4120,"83967348K"
4121,"83969319H"
4122,"83979962B"
4123,"84017984G"
4124,"84031827L"
4125,"84037096B"
4126,"84049068L"
4127,"84075916K"
4128,"84120809A"
4129,"84131432F"
4130,"84153971F"
4131,"84162669K"
4132,"84172967H"
4133,"84200936H"
4134,"84202899F"
4135,"84209275G"
4136,"84217089J"
4137,"84233404F"
4138,"84234699E"
4139,"84239850B"
4140,"84257141C"
4141,"84258790B"
4142,"84285456H"
4143,"84295113L"
4144,"84322664E"
4145,"84370793L"
4146,"84371344F"
4147,"84377115H"
4148,"84400457H"
4149,"84407177F"
4150,"84413440F"
4151,"84427169J"
4152,"84439890J"
4153,"84459469B"
4154,"84465626J"
4155,"84477348E"
4156,"84498402E"
4157,"84520921G"
4158,"84521780L"
4159,"84528258K"
4160,"84538920E"
4161,"84544924A"
4162,"84546916G"
4163,"84550657K"
4164,"84589929K"
4165,"84626038L"
4166,"84631971L"
4167,"84635528B"
4168,"84661064B"
4169,"84666569H"
4170,"84670720K"
4171,"84693529A"
4172,"84705721H"
4173,"84706435B"
4174,"84709652E"
4175,"84732664H"
4176,"84735239E"
4177,"84736815F"
4178,"84753544A"
4179,"84760006B"
4180,"84770831H"
4181,"84815539G"
4182,"84825707E"
4183,"84826395J"
4184,"84835096J"
4185,"84835816E"
4186,"84877533G"
4187,"84885206J"
4188,"84912759J"
4189,"84918359L"
4190,"84926943L"
4191,"84951066J"
4192,"84951517A"
4193,"84982375C"
4194,"84985842H"
4195,"85005409L"
4196,"85042192E"
4197,"85052496L"
4198,"85070073K"
4199,"85085700G"
4200,"85089296E"
4201,"85100973L"
4202,"85101284L"
4203,"85105112J"
4204,"85115301C"
4205,"85152848G"
4206,"85157576K"
4207,"85167249H"
4208,"85192125J"
4209,"85199288K"
4210,"85201790K"
4211,"85267208F"
4212,"85281978C"
4213,"85359040K"
4214,"85403439A"
4215,"85430680K"
4216,"85444167L"
4217,"85448423K"
4218,"85552478H"
4219,"85573607L"
4220,"85584323F"
4221,"85602781E"
4222,"85676124J"
4223,"85677063H"
4224,"85687168J"
4225,"85702918C"
4226,"85705717A"
4227,"85755189H"
4228,"85770579F"
4229,"85801517L"
4230,"85817706C"
4231,"85823386J"
4232,"85823833K"
4233,"85883705H"
4234,"85900736F"
4235,"85913298E"
4236,"85914871G"
4237,"85933557E"
4238,"85948484K"
4239,"85969282B"
4240,"85987143G"
4241,"86016828L"
4242,"86082904L"
4243,"86116021G"
4244,"86120298C"
4245,"86120353K"
4246,"86161387C"
4247,"86162355K"
4248,"86182232A"
4249,"86195990G"
4250,"86221212A"
4251,"86226005L"
4252,"86230950L"
4253,"86241197H"
4254,"86253411C"
4255,"86292944C"
4256,"86293622K"
4257,"86308209A"
4258,"86325594A"
4259,"86338586G"
4260,"86347793G"
4261,"86356699K"
4262,"86373328F"
4263,"86379291B"
4264,"86379352G"
4265,"86401756L"
4266,"86433814B"
4267,"86506885A"
4268,"86510297K"
4269,"86550837K"
4270,"86571122A"
4271,"86596983H"
4272,"86599018A"
4273,"86620592H"
4274,"86624687G"
4275,"86632772E"
4276,"86688405L"
4277,"86703047G"
4278,"86718515G"
4279,"86744810H"
4280,"86751087C"
4281,"86752121F"
4282,"86753033B"
4283,"86795281C"
4284,"86805086G"
4285,"86806344B"
4286,"86853031F"
4287,"86868988E"
4288,"86878883H"
4289,"86923802H"
4290,"86926170G"
4291,"86929070G"
4292,"86934170H"
4293,"86943431C"
4294,"86965662F"
4295,"87056180G"
4296,"87060668L"
4297,"87082873L"
4298,"87085597J"
4299,"87086273J"
4300,"87108989F"
4301,"87127655G"
4302,"87159429G"
4303,"87221721C"
4304,"87236995E"
4305,"87283751B"
4306,"87289142B"
4307,"87290290L"
4308,"87301589G"
4309,"87315919B"
4310,"87381793K"
4311,"87389567G"
4312,"87390272A"
4313,"87403033C"
4314,"87419902F"
4315,"87465763F"
4316,"87516878C"
4317,"87523324K"
4318,"87581110J"
4319,"87586748B"
4320,"87609180E"
4321,"87623947F"
4322,"87631031L"
4323,"87653116L"
4324,"87662571H"
4325,"87684743L"
4326,"87685945H"
4327,"87721561J"
4328,"87732912B"
4329,"87742008K"
4330,"87753244C"
4331,"87775297H"
4332,"87775830J"
4333,"87777501K"
4334,"87780894E"
4335,"87804250F"
4336,"87831400L"
4337,"87833565B"
4338,"87838352C"
4339,"87849938A"
4340,"87874563H"
4341,"87879543J"
4342,"87910273B"
4343,"87915425G"
4344,"87919536H"
4345,"87929902H"
4346,"87959922B"
4347,"87964361F"
4348,"88052480E"
4349,"88069844B"
4350,"88076369E"
4351,"88139273E"
4352,"88152323A"
4353,"88175391H"
4354,"88176812B"
4355,"88183624F"
4356,"88208184L"
4357,"88219526L"
4358,"88223363L"
4359,"88252934E"
4360,"88276333C"
4361,"88279570K"
4362,"88285127E"
4363,"88285934E"
4364,"88304399H"
4365,"88323788E"
4366,"88324087A"
4367,"88341604F"
4368,"88343168L"
4369,"88345591B"
4370,"88371183E"
4371,"88371445K"
4372,"88376397G"
4373,"88396993B"
4374,"88411811K"
4375,"88435104E"
4376,"88456388H"
4377,"88458110B"
4378,"88470736J"
4379,"88472433J"
4380,"88484443J"
4381,"88486239H"
4382,"88501431K"
4383,"88504252H"
4384,"88511905B"
4385,"88531901E"
4386,"88544404E"
4387,"88557141B"
4388,"88559580K"
4389,"88591220E"
4390,"88613159B"
4391,"88617285B"
4392,"88638327B"
4393,"88644455A"
4394,"88678289K"
4395,"88685341E"
4396,"88763509H"
4397,"88802396H"
4398,"88806843L"
4399,"88845626B"
4400,"88881777F"
4401,"88883230H"
4402,"88886020A"
4403,"88911577H"
4404,"88917380C"
4405,"88920263F"
4406,"88962098H"
4407,"88967758H"
4408,"88973481F"
4409,"89020180C"
4410,"89026309L"
4411,"89034766L"
4412,"89046396J"
4413,"89051669F"
4414,"89076683L"
4415,"89107201F"
4416,"89115024A"
4417,"89124415H"
4418,"89140944B"
4419,"89182107F"
4420,"89197969H"
4421,"89222583B"
4422,"89251020E"
4423,"89261399E"
4424,"89269949H"
4425,"89278196F"
4426,"89285697A"
4427,"89293380H"
4428,"89321561J"
4429,"89338623C"
4430,"89394565J"
4431,"89421096J"
4432,"89432483J"
4433,"89452718F"
4434,"89459604J"
4435,"89462620G"
4436,"89469236G"
4437,"89469838G"
4438,"89524554H"
4439,"89585347G"
4440,"89602894A"
4441,"89634910K"
4442,"89635419E"
4443,"89637002G"
4444,"89693770B"
4445,"89707529E"
4446,"89710611J"
4447,"89718252H"
4448,"89740469L"
4449,"89762568G"
4450,"89787170B"
4451,"89791875K"
4452,"89810280H"
4453,"89810531B"
4454,"89818336C"
4455,"89819965J"
4456,"89852994C"
4457,"89861838J"
4458,"89862992E"
4459,"89878488F"
4460,"89884507L"
4461,"89890555E"
4462,"89913674G"
4463,"89937552C"
4464,"89960427J"
4465,"89975059A"
4466,"89975247G"
4467,"89982094B"
4468,"89983565B"
4469,"89995697A"
4470,"90014189F"
4471,"90094067B"
4472,"90129136B"
4473,"90171361H"
4474,"90186426F"
4475,"90188878J"
4476,"90201763K"
4477,"90211008G"
4478,"90215534B"
4479,"90221263J"
4480,"90249005B"
4481,"90298753G"
4482,"90307786K"
4483,"90311628C"
4484,"90321596E"
4485,"90331129F"
4486,"90343675G"
4487,"90370157F"
4488,"90384570C"
4489,"90391870J"
4490,"90394620E"
4491,"90396146H"
4492,"90403564J"
4493,"90407565C"
4494,"90435721G"
4495,"90468605F"
4496,"90472612B"
4497,"90483418B"
4498,"90491991C"
4499,"90524869G"
4500,"90536957F"
4501,"90538783B"
4502,"90614624H"
4503,"90637519K"
4504,"90649775L"
4505,"90652446A"
4506,"90666846G"
4507,"90672992C"
4508,"90674281G"
4509,"90683666H"
4510,"90702278E"
4511,"90707767E"
4512,"90713522J"
4513,"90718397K"
4514,"90735474L"
4515,"90744621J"
4516,"90775617C"
4517,"90797771G"
4518,"90825197J"
4519,"90826475J"
4520,"90830001L"
4521,"90845290L"
4522,"90866957C"
4523,"90881190H"
4524,"90949812F"
4525,"91073662H"
4526,"91083159C"
4527,"91089091G"
4528,"91125793L"
4529,"91156655C"
4530,"91170087B"
4531,"91172773B"
4532,"91193630C"
4533,"91216600E"
4534,"91221028L"
4535,"91229177F"
4536,"91234968F"
4537,"91248465L"
4538,"91249569E"
4539,"91257768L"
4540,"91266021B"
4541,"91268042F"
4542,"91275247G"
4543,"91285350J"
4544,"91300090H"
4545,"91324725B"
4546,"91336286F"
4547,"91402602K"
4548,"91416979F"
4549,"91425673E"
4550,"91431669L"
4551,"91432750J"
4552,"91479565A"
4553,"91512438G"
4554,"91522871G"
4555,"91542430C"
4556,"91557179C"
4557,"91573898K"
4558,"91598772H"
4559,"91606815C"
4560,"91622907C"
4561,"91632727G"
4562,"91639537G"
4563,"91642586E"
4564,"91646561H"
4565,"91656934J"
4566,"91672431G"
4567,"91681029A"
4568,"91686781H"
4569,"91711165G"
4570,"91715099B"
4571,"91735918J"
4572,"91741855C"
4573,"91775338G"
4574,"91778932A"
4575,"91785852E"
4576,"91800591L"
4577,"91824771L"
4578,"91826152A"
4579,"91842234E"
4580,"91859472B"
4581,"91885701G"
4582,"91895989A"
4583,"91912383C"
4584,"91924269A"
4585,"91938027J"
4586,"91952311G"
4587,"91978443E"
4588,"92026099B"
4589,"92032938C"
4590,"92037661A"
4591,"92046808B"
4592,"92055089C"
4593,"92063511G"
4594,"92070412J"
4595,"92079131K"
4596,"92096986G"
4597,"92102692J"
4598,"92120825E"
4599,"92168517J"
4600,"92171831H"
4601,"92214542G"
4602,"92218823E"
4603,"92227251K"
4604,"92234490L"
4605,"92237252K"
4606,"92263525C"
4607,"92284487K"
4608,"92313888F"
4609,"92358790B"
4610,"92476019H"
4611,"92478879H"
4612,"92503406J"
4613,"92531333G"
4614,"92544717G"
4615,"92569031J"
4616,"92588857C"
4617,"92620320K"
4618,"92649123A"
4619,"92653828J"
4620,"92673572B"
4621,"92742910F"
4622,"92775583H"
4623,"92785625H"
4624,"92793768E"
4625,"92798090C"
4626,"92805390H"
4627,"92839522F"
4628,"92843952A"
4629,"92853499B"
4630,"92857211G"
4631,"92888792E"
4632,"92897702F"
4633,"92961167J"
4634,"92976414C"
4635,"93017278B"
4636,"93084291F"
4637,"93099939B"
4638,"93105735G"
4639,"93120149L"
4640,"93121794H"
4641,"93172423G"
4642,"93174290E"
4643,"93199490A"
4644,"93203558E"
4645,"93210472K"
4646,"93219679F"
4647,"93256313H"
4648,"93268129H"
4649,"93274846L"
4650,"93326972J"
4651,"93372363C"
4652,"93404220C"
4653,"93408334C"
4654,"93439981H"
4655,"93448465E"
4656,"93465822J"
4657,"93474134B"
4658,"93481414C"
4659,"93490717C"
4660,"93500444E"
4661,"93550402F"
4662,"93552175B"
4663,"93596840K"
4664,"93633893A"
4665,"93639523C"
4666,"93670531F"
4667,"93726793C"
4668,"93732105H"
4669,"93745065G"
4670,"93773968A"
4671,"93795849A"
4672,"93807249K"
4673,"93831390K"
4674,"93848065E"
4675,"93859880F"
4676,"93860277F"
4677,"93862444K"
4678,"93863702F"
4679,"93866464F"
4680,"93872335C"
4681,"93899771L"
4682,"93909434L"
4683,"93948737A"
4684,"93957292H"
4685,"93975102C"
4686,"93983536C"
4687,"93999717F"
4688,"94007179B"
4689,"94143993F"
4690,"94218023J"
4691,"94228636F"
4692,"94239970B"
4693,"94246324C"
4694,"94267484A"
4695,"94284149G"
4696,"94284591C"
4697,"94290158F"
4698,"94291385J"
4699,"94335748E"
4700,"94373258J"
4701,"94382280K"
4702,"94384130A"
4703,"94399976A"
4704,"94414588G"
4705,"94420624G"
4706,"94431610H"
4707,"94431664E"
4708,"94433424E"
4709,"94450988J"
4710,"94478482C"
4711,"94481286C"
4712,"94494891F"
4713,"94499105G"
4714,"94513653F"
4715,"94565027C"
4716,"94582452L"
4717,"94613160H"
4718,"94642848J"
4719,"94644255J"
4720,"94700071A"
4721,"94737894J"
4722,"94744087G"
4723,"94765583G"
4724,"94783122C"
4725,"94792977K"
4726,"94793024H"
4727,"94797600H"
4728,"94799032G"
4729,"94810907H"
4730,"94839727E"
4731,"94848934E"
4732,"94859063A"
4733,"94907788A"
4734,"94985933K"
4735,"94997441J"
4736,"95026715G"
4737,"95060503F"
4738,"95066843J"
4739,"95101947A"
4740,"95111300F"
4741,"95117066G"
4742,"95120645K"
4743,"95183867J"
4744,"95187191L"
4745,"95190451F"
4746,"95198119J"
4747,"95216604J"
4748,"95218318G"
4749,"95237756F"
4750,"95274517A"
4751,"95295780E"
4752,"95318641B"
4753,"95360523G"
4754,"95413973L"
4755,"95458806E"
4756,"95486225G"
4757,"95520347E"
4758,"95546074A"
4759,"95569771J"
4760,"95570330A"
4761,"95576246F"
4762,"95617957J"
4763,"95652406J"
4764,"95666868A"
4765,"95683383L"
4766,"95687465C"
4767,"95694974L"
4768,"95731049A"
4769,"95765141K"
4770,"95816366C"
4771,"95836659G"
4772,"95837243J"
4773,"95855520L"
4774,"95865450K"
4775,"95904922C"
4776,"95905589C"
4777,"95918631K"
4778,"95946484L"
4779,"95983197J"
4780,"96019149L"
4781,"96019332L"
4782,"96025125K"
4783,"96046415G"
4784,"96058957J"
4785,"96092769C"
4786,"96103498C"
4787,"96135181F"
4788,"96147355H"
4789,"96180300E"
4790,"96185227F"
4791,"96210758K"
4792,"96238953L"
4793,"96248074C"
4794,"96255759F"
4795,"96256202H"
4796,"96288084J"
4797,"96293657B"
4798,"96340704B"
4799,"96356705L"
4800,"96360067E"
4801,"96383307B"
4802,"96383943B"
4803,"96390974E"
4804,"96410014E"
4805,"96419033B"
4806,"96460434K"
4807,"96475118B"
4808,"96478480C"
4809,"96480274C"
4810,"96504110F"
4811,"96540000F"
4812,"96546270L"
4813,"96547988H"
4814,"96598613E"
4815,"96615569B"
4816,"96644102A"
4817,"96645016E"
4818,"96666047F"
4819,"96676133B"
4820,"96697894H"
4821,"96704704B"
4822,"96728311L"
4823,"96735829E"
4824,"96740811F"
4825,"96742328E"
4826,"96749275B"
4827,"96751437A"
4828,"96792270A"
4829,"96793956A"
4830,"96795919J"
4831,"96910407H"
4832,"96911529K"
4833,"96917470G"
4834,"96923990L"
4835,"96935895K"
4836,"96967681K"
4837,"96988155B"
4838,"97016474H"
4839,"97017848H"
4840,"97025670H"
4841,"97054287H"
4842,"97065593K"
4843,"97132662C"
4844,"97158478B"
4845,"97214994J"
4846,"97229995C"
4847,"97230035L"
4848,"97231612E"
4849,"97240470G"
4850,"97270805K"
4851,"97273762B"
4852,"97284218L"
4853,"97420579G"
4854,"97432580K"
4855,"97457151E"
4856,"97460022C"
4857,"97472228B"
4858,"97498062G"
4859,"97519109L"
4860,"97522185L"
4861,"97538834L"
4862,"97552581F"
4863,"97612275E"
4864,"97647287C"
4865,"97662525A"
4866,"97675516C"
4867,"97686857A"
4868,"97688369F"
4869,"97778088A"
4870,"97799857G"
4871,"97810453E"
4872,"97816730G"
4873,"97830311F"
4874,"97837318H"
4875,"97852264L"
4876,"97868068K"
4877,"97887590B"
4878,"97906548A"
4879,"97908958L"
4880,"97913178E"
4881,"97920504H"
4882,"97923621L"
4883,"97932905K"
4884,"97937116B"
4885,"97946313F"
4886,"97961210G"
4887,"98029435A"
4888,"98071145B"
4889,"98082618F"
4890,"98091929G"
4891,"98113452L"
4892,"98117162B"
4893,"98129861F"
4894,"98149396L"
4895,"98204850F"
4896,"98208170J"
4897,"98221489B"
4898,"98228010A"
4899,"98247104G"
4900,"98256132F"
4901,"98267061E"
4902,"98277370B"
4903,"98288995F"
4904,"98305741E"
4905,"98316205C"
4906,"98343174B"
4907,"98368587C"
4908,"98378760C"
4909,"98397160L"
4910,"98407296E"
4911,"98424882E"
4912,"98441227J"
4913,"98458655H"
4914,"98495546C"
4915,"98509647C"
4916,"98511051A"
4917,"98513946G"
4918,"98526830J"
4919,"98570848G"
4920,"98579627J"
4921,"98581415L"
4922,"98581746A"
4923,"98591723F"
4924,"98595667J"
4925,"98595783K"
4926,"98615768C"
4927,"98618151L"
4928,"98631423F"
4929,"98655577H"
4930,"98671881F"
4931,"98673000L"
4932,"98688164F"
4933,"98721223K"
4934,"98732825K"
4935,"98735856B"
4936,"98751997E"
4937,"98780143C"
4938,"98786562J"
4939,"98798973H"
4940,"98818067E"
4941,"98850012J"
4942,"98880970G"
4943,"98889119G"
4944,"98937777E"
4945,"98962335L"
4946,"99013957E"
4947,"99019269B"
4948,"99026087L"
4949,"99038403A"
4950,"99049560C"
4951,"99049731C"
4952,"99111127E"
4953,"99124041H"
4954,"99129566G"
4955,"99257369A"
4956,"99292555C"
4957,"99333240E"
4958,"99340330E"
4959,"99358024C"
4960,"99371156B"
4961,"99384596B"
4962,"99393227C"
4963,"99411528L"
4964,"99411549H"
4965,"99419372C"
4966,"99434070K"
4967,"99441657J"
4968,"99446872L"
4969,"99479016J"
4970,"99479134F"
4971,"99486969A"
4972,"99501362E"
4973,"99506926H"
4974,"99513506F"
4975,"99534068F"
4976,"99577208J"
4977,"99613698B"
4978,"99622237F"
4979,"99624390A"
4980,"99655559B"
4981,"99685175K"
4982,"99688749C"
4983,"99712072B"
4984,"99714009L"
4985,"99736210J"
4986,"99752779E"
4987,"99756709H"
4988,"99765618G"
4989,"99786484B"
4990,"99801809F"
4991,"99836772L"
4992,"99867941J"
4993,"99873772K"
4994,"99875467G"
4995,"99876322H"
4996,"99906614C"
4997,"99916631F"
4998,"99927608F"
4999,"99929093F"
5000,"99933562F"
5001,"99933579C"
